Date,drawdown
2018-01-03,0.0
2018-01-04,0.0
2018-01-05,0.0
2018-01-08,0.0
2018-01-09,0.0
2018-01-10,0.0
2018-01-11,0.0
2018-01-12,0.0
2018-01-16,-0.008880746957581342
2018-01-17,0.0
2018-01-18,-0.000619920198179913
2018-01-19,0.0
2018-01-22,0.0
2018-01-23,0.0
2018-01-24,-0.007604715646563953
2018-01-25,-0.010016202220052839
2018-01-26,0.0
2018-01-29,-0.003673543931003609
2018-01-30,-0.01506590329903612
2018-01-31,-0.005206883492307246
2018-02-01,-0.01236214543974079
2018-02-02,-0.042604752070502294
2018-02-05,-0.0901815630153231
2018-02-06,-0.055677520626732924
2018-02-07,-0.06321282501707737
2018-02-08,-0.10288299827670122
2018-02-09,-0.07406975880476485
2018-02-12,-0.06314903471974542
2018-02-13,-0.05372266348590571
2018-02-14,-0.03377967583592423
2018-02-15,-0.012837316400680088
2018-02-16,-0.018007044908442627
2018-02-20,-0.013242538881445443
2018-02-21,-0.02650292575013613
2018-02-22,-0.022729093869723216
2018-02-23,-0.0047402202092704515
2018-02-26,0.0
2018-02-27,-0.007697566272073519
2018-02-28,-0.01586158549022032
2018-03-01,-0.03639906659723502
2018-03-02,-0.02853144977490507
2018-03-05,-0.024281644564987936
2018-03-06,-0.0180587354705658
2018-03-07,-0.019346503654160463
2018-03-08,-0.014687833601815026
2018-03-09,0.0
2018-03-12,0.0
2018-03-13,-0.0122730776704163
2018-03-14,-0.016095938630763418
2018-03-15,-0.014618874965589002
2018-03-16,-0.013002277370548265
2018-03-19,-0.03418411552360323
2018-03-20,-0.024786835710491784
2018-03-21,-0.03354794912886716
2018-03-22,-0.05684691502972139
2018-03-23,-0.08322695106787315
2018-03-26,-0.03863249092971355
2018-03-27,-0.07970850620043479
2018-03-28,-0.08744544461317316
2018-03-29,-0.06770875106649032
2018-04-02,-0.09231479378568874
2018-04-03,-0.07970654796399401
2018-04-04,-0.0653700611714344
2018-04-05,-0.06686611656033015
2018-04-06,-0.09129916838065022
2018-04-09,-0.08535804752248488
2018-04-10,-0.05933510329308089
2018-04-11,-0.0659996314073954
2018-04-12,-0.04899148058203895
2018-04-13,-0.05332203931003532
2018-04-16,-0.047167024743321684
2018-04-17,-0.030471974519188483
2018-04-18,-0.031102157109956563
2018-04-19,-0.04787429260673115
2018-04-20,-0.06296768727206992
2018-04-23,-0.06782077920284602
2018-04-24,-0.0825690620041345
2018-04-25,-0.08776580987303684
2018-04-26,-0.07106173311584241
2018-04-27,-0.06859284767178941
2018-04-30,-0.0733439235517458
2018-05-01,-0.06167771484314133
2018-05-02,-0.05768573001871424
2018-05-03,-0.04951940847412151
2018-05-04,-0.02846944891982839
2018-05-07,-0.01362545366445811
2018-05-08,-0.011796187813721604
2018-05-09,0.0
2018-05-10,0.0
2018-05-11,-0.006168403323648763
2018-05-14,-0.00498388116539783
2018-05-15,-0.02051671280526446
2018-05-16,-0.016135109617914756
2018-05-17,-0.01867776092203266
2018-05-18,-0.0214862114313511
2018-05-21,-0.01649559377059484
2018-05-22,-0.019604043605577326
2018-05-23,-0.009474250147571528
2018-05-24,-0.010988423622359744
2018-05-25,-0.00930577968876678
2018-05-29,-0.014634808499892515
2018-05-30,-0.005220819874599325
2018-05-31,-0.008650232001259583
2018-06-01,0.0
2018-06-04,0.0
2018-06-05,0.0
2018-06-06,0.0
2018-06-07,-0.00678694387450407
2018-06-08,-0.007070223524660246
2018-06-11,-0.010346409711987525
2018-06-12,-0.00618264264574564
2018-06-13,-0.010327793652915473
2018-06-14,-0.003964995283558759
2018-06-15,-0.011585903051070767
2018-06-18,-0.010588989344458621
2018-06-19,-0.02020263819946333
2018-06-20,-0.014271607915858575
2018-06-21,-0.023906092705448856
2018-06-22,-0.03185835627698097
2018-06-25,-0.055408361881567614
2018-06-26,-0.04750697768062362
2018-06-27,-0.0598178769735197
2018-06-28,-0.049091545393613045
2018-06-29,-0.05323895367989884
2018-07-02,-0.041488689131952916
2018-07-03,-0.054260063876675146
2018-07-05,-0.04294725586254733
2018-07-06,-0.029812061440822712
2018-07-09,-0.02076883030199872
2018-07-10,-0.015639383683422103
2018-07-11,-0.026619880053467493
2018-07-12,-0.011549852496730573
2018-07-13,-0.009929744983493527
2018-07-16,-0.01303346580642939
2018-07-17,-0.0035081340562805874
2018-07-18,-0.0082758237916003
2018-07-19,-0.008672064304686589
2018-07-20,-0.006248210931975584
2018-07-23,-0.0030932563251847567
2018-07-24,-0.0014579433242156714
2018-07-25,0.0
2018-07-26,-0.0011883066230926609
2018-07-27,-0.014311223726766076
2018-07-30,-0.030168151789844555
2018-07-31,-0.026139155764537625
2018-08-01,-0.010556128866471393
2018-08-02,0.0
2018-08-03,0.0
2018-08-06,0.0
2018-08-07,0.0
2018-08-08,0.0
2018-08-09,0.0
2018-08-10,-0.005591552966684454
2018-08-13,-0.0054380317151693225
2018-08-14,0.0
2018-08-15,-0.0069611678351273465
2018-08-16,-0.00297255841043198
2018-08-17,-0.009835543772932498
2018-08-20,-0.010334436339826225
2018-08-21,-0.006895662638828126
2018-08-22,0.0
2018-08-23,0.0
2018-08-24,0.0
2018-08-27,0.0
2018-08-28,0.0
2018-08-29,0.0
2018-08-30,0.0
2018-08-31,0.0
2018-09-04,0.0
2018-09-05,-0.014319012762384342
2018-09-06,-0.023721171319427525
2018-09-07,-0.02813654107347585
2018-09-10,-0.025832904616108543
2018-09-11,-0.016560682598992793
2018-09-12,-0.022718012389467912
2018-09-13,-0.009991410350155716
2018-09-14,-0.007168244966516912
2018-09-17,-0.02014690680875819
2018-09-18,-0.01870675565189872
2018-09-19,-0.020725991323058857
2018-09-20,-0.0180167223227784
2018-09-21,-0.022035726237526365
2018-09-24,-0.01640376207701677
2018-09-25,-0.013054465952573313
2018-09-26,-0.018156214690544625
2018-09-27,-0.011112454597928534
2018-09-28,0.0
2018-10-01,0.0
2018-10-02,-0.0014309089235936545
2018-10-03,0.0
2018-10-04,-0.01818897733616498
2018-10-05,-0.033453787590494444
2018-10-08,-0.040479219190198146
2018-10-09,-0.034704805292672836
2018-10-10,-0.08614867679434579
2018-10-11,-0.10383855327233005
2018-10-12,-0.07465757413023266
2018-10-15,-0.09587485067315693
2018-10-16,-0.0692083749313469
2018-10-17,-0.07342032007532062
2018-10-18,-0.09032834853498062
2018-10-19,-0.09673437259709972
2018-10-22,-0.09235697181905378
2018-10-23,-0.10477138429460442
2018-10-24,-0.15483558313867507
2018-10-25,-0.12575174311006798
2018-10-26,-0.1461399870180644
2018-10-29,-0.17176444319001072
2018-10-30,-0.14939380307085537
2018-10-31,-0.12739231147099517
2018-11-01,-0.11617909515534286
2018-11-02,-0.13541192673167013
2018-11-05,-0.14090758330832465
2018-11-06,-0.1375448195095358
2018-11-07,-0.11544037735532142
2018-11-08,-0.12524924085522182
2018-11-09,-0.13630201833712474
2018-11-12,-0.1745578612348221
2018-11-13,-0.16650950391990538
2018-11-14,-0.17911405399820568
2018-11-15,-0.16217127752355764
2018-11-16,-0.20086406663331613
2018-11-19,-0.24477636609863362
2018-11-20,-0.25724226645690507
2018-11-21,-0.2598065561529912
2018-11-23,-0.26550864379494543
2018-11-26,-0.24422049071894403
2018-11-27,-0.24197458798499283
2018-11-28,-0.2159393330783015
2018-11-29,-0.22267816505321292
2018-11-30,-0.21396424934469005
2018-12-03,-0.19472355930353347
2018-12-04,-0.23284930999065667
2018-12-06,-0.2326754451144536
2018-12-07,-0.26538600158374015
2018-12-10,-0.25382882309302424
2018-12-11,-0.2576940880548657
2018-12-12,-0.25452284538003467
2018-12-13,-0.25193973597799313
2018-12-14,-0.2705342821659069
2018-12-17,-0.28494412907595634
2018-12-18,-0.2768308368089849
2018-12-19,-0.29645682006842433
2018-12-20,-0.3119605021736783
2018-12-21,-0.33518427949102825
2018-12-24,-0.35430315857017225
2018-12-26,-0.3172233705392259
2018-12-27,-0.3184733906672911
2018-12-28,-0.31675014297532356
2018-12-31,-0.3118133691111542
2019-01-02,-0.30873204052360936
2019-01-03,-0.3482859381384328
2019-01-04,-0.31858255877140307
2019-01-07,-0.3086190920158973
2019-01-08,-0.3068475801503123
2019-01-09,-0.297286203300663
2019-01-10,-0.2940042595903748
2019-01-11,-0.2927240358593671
2019-01-14,-0.2958772862423241
2019-01-15,-0.28593994267250145
2019-01-16,-0.2839441188622933
2019-01-17,-0.2768479510937484
2019-01-18,-0.26455469088947736
2019-01-22,-0.2845458027496488
2019-01-23,-0.28109113965759613
2019-01-24,-0.2732777642828823
2019-01-25,-0.2615326579134106
2019-01-28,-0.2957617354829227
2019-01-29,-0.3098256222731349
2019-01-30,-0.2826094464817275
2019-01-31,-0.2749563582157247
2019-02-01,-0.276437185944046
2019-02-04,-0.25948857307277196
2019-02-05,-0.25204711396009727
2019-02-06,-0.25055121578208994
2019-02-07,-0.26423708871919094
2019-02-08,-0.2621655672330321
2019-02-11,-0.266015523043192
2019-02-12,-0.2534386160974563
2019-02-13,-0.25165103232929165
2019-02-14,-0.24922012491343692
2019-02-15,-0.24191803119978594
2019-02-19,-0.24195661593396156
2019-02-20,-0.2390504704463604
2019-02-21,-0.24019825463226097
2019-02-22,-0.23010051256830366
2019-02-25,-0.22797478077344402
2019-02-26,-0.22861848941753082
2019-02-27,-0.2305170556843611
2019-02-28,-0.23424808337435532
2019-03-01,-0.22750359721553493
2019-03-04,-0.22729544473665353
2019-03-05,-0.22919686033105402
2019-03-06,-0.2369767552047779
2019-03-07,-0.24666861014814012
2019-03-08,-0.24466066278031007
2019-03-11,-0.2188640231770591
2019-03-12,-0.21291913409866747
2019-03-13,-0.20198437738339392
2019-03-14,-0.20340345079612343
2019-03-15,-0.19251942718665582
2019-03-18,-0.18789283730302564
2019-03-19,-0.18135454206814372
2019-03-20,-0.1819486618587839
2019-03-21,-0.15671743548060746
2019-03-22,-0.17837301422391028
2019-03-25,-0.1843092470791552
2019-03-26,-0.18088568511401848
2019-03-27,-0.18254407862111166
2019-03-28,-0.1803536099345192
2019-03-29,-0.17331878522540523
2019-04-01,-0.1644923777038969
2019-04-02,-0.16025404628974682
2019-04-03,-0.15077009424800536
2019-04-04,-0.15132606491697553
2019-04-05,-0.144935953076194
2019-04-08,-0.14042572248449192
2019-04-09,-0.1461967609031578
2019-04-10,-0.13947348130060067
2019-04-11,-0.14170913451871958
2019-04-12,-0.14096666096025323
2019-04-15,-0.1466285007486089
2019-04-16,-0.1429451413342382
2019-04-17,-0.13862074335751973
2019-04-18,-0.13575477032729288
2019-04-22,-0.13167575680072596
2019-04-23,-0.12117757900459347
2019-04-24,-0.1221838656585994
2019-04-25,-0.12211531286579891
2019-04-26,-0.1315008763221477
2019-04-29,-0.12952557037114065
2019-04-30,-0.13024130276718093
2019-05-01,-0.12667650616492032
2019-05-02,-0.12817782187443827
2019-05-03,-0.11897980752214254
2019-05-06,-0.1284375643637623
2019-05-07,-0.15090207357248586
2019-05-08,-0.15018123433317865
2019-05-09,-0.1577430655603812
2019-05-10,-0.15861008297175538
2019-05-13,-0.19624245161065912
2019-05-14,-0.18454001101597095
2019-05-15,-0.18118960415709873
2019-05-16,-0.17475100252678366
2019-05-17,-0.18341400424772558
2019-05-20,-0.20055547150513386
2019-05-21,-0.18958007274053612
2019-05-22,-0.19694018482849107
2019-05-23,-0.2117644349372223
2019-05-24,-0.21490673557716455
2019-05-28,-0.22015495118520723
2019-05-29,-0.22840437089464172
2019-05-30,-0.22714250406499614
2019-05-31,-0.2416096695135067
2019-06-03,-0.2523650767008746
2019-06-04,-0.2240708724059548
2019-06-05,-0.21747827281707344
2019-06-06,-0.20685764175168309
2019-06-07,-0.1918394474103845
2019-06-10,-0.18248390702179296
2019-06-11,-0.17778272756074887
2019-06-12,-0.1860522498577437
2019-06-13,-0.18112852011263403
2019-06-14,-0.18770649919215787
2019-06-17,-0.18526225668589524
2019-06-18,-0.1641575676811704
2019-06-19,-0.16315245104105802
2019-06-20,-0.15622025042878873
2019-06-21,-0.16044444821002835
2019-06-24,-0.15843423517384714
2019-06-25,-0.17210349008262393
2019-06-26,-0.15674079132819196
2019-06-27,-0.1505211833174137
2019-06-28,-0.15037893129657487
2019-07-01,-0.13939490100126362
2019-07-02,-0.14131971082404715
2019-07-03,-0.13577273597305162
2019-07-05,-0.1402104317588413
2019-07-08,-0.15011887366092425
2019-07-09,-0.1492042401048186
2019-07-10,-0.14025541716952783
2019-07-11,-0.1322729690984893
2019-07-12,-0.12713334205886484
2019-07-15,-0.12546318715226445
2019-07-16,-0.13005942755956912
2019-07-17,-0.13066312343006414
2019-07-18,-0.12657380571787757
2019-07-19,-0.13299850072433972
2019-07-22,-0.12104132021372427
2019-07-23,-0.11090649334323321
2019-07-24,-0.1040110323372796
2019-07-25,-0.11442672860003589
2019-07-26,-0.10822333703670461
2019-07-29,-0.1073657240272049
2019-07-30,-0.10914979002348735
2019-07-31,-0.12238260017980129
2019-08-01,-0.13123611749277853
2019-08-02,-0.14432344944936637
2019-08-05,-0.184081988909791
2019-08-06,-0.17152577170309258
2019-08-07,-0.16628138852350383
2019-08-08,-0.14635902595275252
2019-08-09,-0.1569782866621482
2019-08-12,-0.16681943183657233
2019-08-13,-0.14446701995926714
2019-08-14,-0.17224661347256065
2019-08-15,-0.17499842624939133
2019-08-16,-0.14898041010153695
2019-08-19,-0.12451050270844455
2019-08-20,-0.13177149937075516
2019-08-21,-0.1209650320195872
2019-08-22,-0.12250335346701946
2019-08-23,-0.15757802245623787
2019-08-26,-0.14420350922029412
2019-08-27,-0.1517877215493919
2019-08-28,-0.149714725491629
2019-08-29,-0.1319832243339173
2019-08-30,-0.13210725189686112
2019-09-03,-0.14381620439444442
2019-09-04,-0.12940978602608
2019-09-05,-0.10490241284140123
2019-09-06,-0.10763509196731824
2019-09-09,-0.1068229843411751
2019-09-10,-0.10331251501657512
2019-09-11,-0.09323866907986078
2019-09-12,-0.09071648348087402
2019-09-13,-0.09855691770243769
2019-09-16,-0.10185613164591989
2019-09-17,-0.09766485203339947
2019-09-18,-0.09493830896243316
2019-09-19,-0.09652630005371143
2019-09-20,-0.10903863276126824
2019-09-23,-0.10580417828891964
2019-09-24,-0.11444966056945105
2019-09-25,-0.09939903675995743
2019-09-26,-0.10186930978040698
2019-09-27,-0.11428735703212023
2019-09-30,-0.1030735185096272
2019-10-01,-0.10841052634506976
2019-10-02,-0.12324581450546968
2019-10-03,-0.10673285450010872
2019-10-04,-0.09375088360944872
2019-10-07,-0.09340741933809016
2019-10-08,-0.11093660376406012
2019-10-09,-0.09775288928727932
2019-10-10,-0.08893640058930663
2019-10-11,-0.07600658144187922
2019-10-14,-0.07614208150671953
2019-10-15,-0.05921299681176895
2019-10-16,-0.06507903450795782
2019-10-17,-0.0645904040328188
2019-10-18,-0.07296334158828577
2019-10-21,-0.05907815366255065
2019-10-22,-0.06439360403353844
2019-10-23,-0.059731375229148065
2019-10-24,-0.052258518557967704
2019-10-25,-0.037988464721587234
2019-10-28,-0.025766812606996425
2019-10-29,-0.03844767097179358
2019-10-30,-0.03466913795922111
2019-10-31,-0.03436079714265483
2019-11-01,-0.022911875445712715
2019-11-04,-0.009570936956480924
2019-11-05,-0.011404364179658733
2019-11-06,-0.01427337054599409
2019-11-07,-0.009397249036838806
2019-11-08,-0.005875572009237495
2019-11-11,-0.003657121039246314
2019-11-12,-2.4136843688404852e-05
2019-11-13,0.0
2019-11-14,0.0
2019-11-15,0.0
2019-11-18,0.0
2019-11-19,-0.005852349137209667
2019-11-20,-0.00633730358473561
2019-11-21,-0.009264979915483251
2019-11-22,-0.007914869190544738
2019-11-25,0.0
2019-11-26,-0.0048786957695311495
2019-11-27,0.0
2019-11-29,-0.004752053054873251
2019-12-02,-0.021544722341112044
2019-12-03,-0.02985037496548748
2019-12-04,-0.02330454591433706
2019-12-05,-0.01997355318566496
2019-12-06,-0.0061088191226496
2019-12-09,-0.01103390583992958
2019-12-10,-0.00814471524469318
2019-12-11,-0.0005389644087081535
2019-12-12,0.0
2019-12-13,0.0
2019-12-16,0.0
2019-12-17,0.0
2019-12-18,0.0
2019-12-19,0.0
2019-12-20,0.0
2019-12-23,0.0
2019-12-24,-1.1735422356995429e-05
2019-12-26,0.0
2019-12-27,-0.0021371292664332797
2019-12-30,-0.009037809273525266
2019-12-31,-0.003302665695821383
2020-01-02,0.0
2020-01-03,-0.011508984059460992
2020-01-06,-0.006934553733647486
2020-01-07,-0.008090400747453708
2020-01-08,0.0
2020-01-09,0.0
2020-01-10,0.0
2020-01-13,0.0
2020-01-14,-0.010254605039472509
2020-01-15,-0.010878271510004756
2020-01-16,0.0
2020-01-17,0.0
2020-01-21,-0.004436572151430451
2020-01-22,-0.002549686879364299
2020-01-23,0.0
2020-01-24,-0.007850901424669154
2020-01-27,-0.033839709975167276
2020-01-28,-0.0122064035210796
2020-01-29,-0.005905792695734657
2020-01-30,0.0
2020-01-31,-0.02936302993087825
2020-02-03,-0.01841930612773912
2020-02-04,0.0
2020-02-05,0.0
2020-02-06,0.0
2020-02-07,-0.007033048033999845
2020-02-10,0.0
2020-02-11,-0.0021543474858747302
2020-02-12,0.0
2020-02-13,-0.005030396648924018
2020-02-14,0.0
2020-02-18,0.0
2020-02-19,0.0
2020-02-20,-0.012266821034587871
2020-02-21,-0.040397978541689694
2020-02-24,-0.08832698641711967
2020-02-25,-0.11655041695049662
2020-02-26,-0.10647546885617964
2020-02-27,-0.16095660875445483
2020-02-28,-0.14291667206845926
2020-03-02,-0.09596789230290192
2020-03-03,-0.12971218813974628
2020-03-04,-0.08831748940732898
2020-03-05,-0.11850141407574588
2020-03-06,-0.13736550599640907
2020-03-09,-0.20518576990110782
2020-03-10,-0.15592361945107913
2020-03-11,-0.19586338071619147
2020-03-12,-0.28325614781767783
2020-03-13,-0.20521456698817053
2020-03-16,-0.3278156648424546
2020-03-17,-0.2814810517738612
2020-03-18,-0.3153545419601408
2020-03-19,-0.3051562664692635
2020-03-20,-0.3368433128725933
2020-03-23,-0.3408594587503949
2020-03-24,-0.2703848215231769
2020-03-25,-0.2730613401699593
2020-03-26,-0.2340010623140879
2020-03-27,-0.2593053184961921
2020-03-30,-0.22639871671871525
2020-03-31,-0.23421854916955254
2020-04-01,-0.2758269855338745
2020-04-02,-0.2559819136159982
2020-04-03,-0.27171675352344304
2020-04-06,-0.21417180173181294
2020-04-07,-0.22536875878929763
2020-04-08,-0.20631495309439907
2020-04-09,-0.20487530243480467
2020-04-13,-0.19724078892791452
2020-04-14,-0.16160524912465524
2020-04-15,-0.17254473180735974
2020-04-16,-0.1538279060729525
2020-04-17,-0.1509383940610982
2020-04-20,-0.16727495227492883
2020-04-21,-0.2021493650889039
2020-04-22,-0.17349455126211522
2020-04-23,-0.1783786265056162
2020-04-24,-0.16197626325216885
2020-04-27,-0.1540801453135182
2020-04-28,-0.16783810958375678
2020-04-29,-0.1415977471564831
2020-04-30,-0.14147301533199952
2020-05-01,-0.16343757706073192
2020-05-04,-0.14866822604191854
2020-05-05,-0.13948476068393978
2020-05-06,-0.13368570932447943
2020-05-07,-0.12251606216071798
2020-05-08,-0.10704655309174749
2020-05-11,-0.0939242719379787
2020-05-12,-0.11378798763427633
2020-05-13,-0.12444853459299432
2020-05-14,-0.11261953155097537
2020-05-15,-0.09734560700609152
2020-05-18,-0.07637970183988263
2020-05-19,-0.08025240446098536
2020-05-20,-0.06452668366145309
2020-05-21,-0.07585658379433924
2020-05-22,-0.06731906368607254
2020-05-26,-0.07663547611716293
2020-05-27,-0.07707192989457434
2020-05-28,-0.07895495229756044
2020-05-29,-0.065512827081049
2020-06-01,-0.06408107508676575
2020-06-02,-0.057919874509796854
2020-06-03,-0.05443310075326713
2020-06-04,-0.0602049257744961
2020-06-05,-0.038148877414799776
2020-06-08,-0.035477002204530095
2020-06-09,-0.021437463549039304
2020-06-10,0.0
2020-06-11,-0.05665332473806728
2020-06-12,-0.04633966516590371
2020-06-15,-0.033320919094297574
2020-06-16,-0.019330210726040242
2020-06-17,-0.015358012914736818
2020-06-18,-0.013023315244750089
2020-06-19,-0.016171560895779535
2020-06-22,0.0
2020-06-23,0.0
2020-06-24,-0.021743318973094117
2020-06-25,-0.006190777717511753
2020-06-26,-0.03386903360249427
2020-06-29,-0.021075332261150992
2020-06-30,-0.0019567575288862438
2020-07-01,0.0
2020-07-02,0.0
2020-07-06,0.0
2020-07-07,-0.005468394288809075
2020-07-08,0.0
2020-07-09,0.0
2020-07-10,0.0
2020-07-13,-0.02157425548006231
2020-07-14,-0.005125359388473472
2020-07-15,-0.005131768908592904
2020-07-16,-0.016266429696583096
2020-07-17,-0.0156949763534997
2020-07-20,0.0
2020-07-21,-0.010706087485285343
2020-07-22,-0.002453387149417452
2020-07-23,-0.03564811698893233
2020-07-24,-0.03774811354514929
2020-07-27,-0.022039197414954748
2020-07-28,-0.03473056467597391
2020-07-29,-0.018939803861582782
2020-07-30,-0.013603086470563741
2020-07-31,0.0
2020-08-03,0.0
2020-08-04,0.0
2020-08-05,0.0
2020-08-06,0.0
2020-08-07,-0.013100256140006428
2020-08-10,-0.014526022073317879
2020-08-11,-0.036886840190783254
2020-08-12,-0.006144425315965818
2020-08-13,-0.0027582895602273894
2020-08-14,-0.00011191229319884588
2020-08-17,0.0
2020-08-18,0.0
2020-08-19,-0.004756030791684074
2020-08-20,0.0
2020-08-21,0.0
2020-08-24,0.0
2020-08-25,0.0
2020-08-26,0.0
2020-08-27,0.0
2020-08-28,0.0
2020-08-31,0.0
2020-09-01,0.0
2020-09-02,0.0
2020-09-03,-0.06994536841573928
2020-09-04,-0.08211322187645043
2020-09-08,-0.13049366286975295
2020-09-09,-0.09451336147665823
2020-09-10,-0.11972067313861923
2020-09-11,-0.12660557229166047
2020-09-14,-0.10347439289658267
2020-09-15,-0.09628989196449977
2020-09-16,-0.1164721759518711
2020-09-17,-0.12519721770016512
2020-09-18,-0.14237861091056958
2020-09-21,-0.1303915255689343
2020-09-22,-0.11753961141241098
2020-09-23,-0.14871704814098619
2020-09-24,-0.13933487161326585
2020-09-25,-0.11414020357653754
2020-09-28,-0.10079154919325362
2020-09-29,-0.10281331106079705
2020-09-30,-0.08935519453946905
2020-10-01,-0.0822769911988872
2020-10-02,-0.10836715218111093
2020-10-05,-0.083516314342583
2020-10-06,-0.09680895947010948
2020-10-07,-0.08114622143656691
2020-10-08,-0.08058906310042613
2020-10-09,-0.07020843329177306
2020-10-12,-0.03854373848512371
2020-10-13,-0.044624352227637054
2020-10-14,-0.05068412577964432
2020-10-15,-0.05533082156620872
2020-10-16,-0.06149810748957463
2020-10-19,-0.08243842859274086
2020-10-20,-0.07555780645900123
2020-10-21,-0.0791506966806671
2020-10-22,-0.08281609615018659
2020-10-23,-0.07812330211518426
2020-10-26,-0.0967951905062312
2020-10-27,-0.08682336646506028
2020-10-28,-0.13070318290874672
2020-10-29,-0.11169509970935143
2020-10-30,-0.13779526567829214
2020-11-02,-0.13491767010793365
2020-11-03,-0.11608473525789709
2020-11-04,-0.07916961298926561
2020-11-05,-0.053443533829198864
2020-11-06,-0.04668682511108302
2020-11-09,-0.07001500489818879
2020-11-10,-0.09421491092633871
2020-11-11,-0.06869068580768312
2020-11-12,-0.07203164725980493
2020-11-13,-0.07036582559084903
2020-11-16,-0.06090951547255463
2020-11-17,-0.06859242447813751
2020-11-18,-0.07705690549927535
2020-11-19,-0.07324038034744251
2020-11-20,-0.08576764320022523
2020-11-23,-0.09069644734702376
2020-11-24,-0.08359569393045108
2020-11-25,-0.07738816719391883
2020-11-27,-0.07371267704709394
2020-11-30,-0.06872007391242552
2020-12-01,-0.05700262487793317
2020-12-02,-0.054029878524720076
2020-12-03,-0.05814483469337284
2020-12-04,-0.05448306823270421
2020-12-07,-0.05131968100092643
2020-12-08,-0.05204431709624957
2020-12-09,-0.07141224984791927
2020-12-10,-0.06938491233455424
2020-12-11,-0.0674874166287106
2020-12-14,-0.06347652792319958
2020-12-15,-0.04805689846387895
2020-12-16,-0.044269237999390865
2020-12-17,-0.039351210947950466
2020-12-18,-0.04630933469692966
2020-12-21,-0.038822840267246916
2020-12-22,-0.03200605123908018
2020-12-23,-0.041611956658481164
2020-12-24,-0.03725832433066867
2020-12-28,-0.026108332196569717
2020-12-29,-0.02990017922811372
2020-12-30,-0.03055355489287903
2020-12-31,-0.0320704587886822
2021-01-04,-0.04556395499510679
2021-01-05,-0.035522560646295
2021-01-06,-0.06332701705196642
2021-01-07,-0.03228065185081619
2021-01-08,-0.028579615229585964
2021-01-11,-0.032076190812998506
2021-01-12,-0.03766984992408451
2021-01-13,-0.030740014366628543
2021-01-14,-0.04504121551819751
2021-01-15,-0.05674822757705544
2021-01-19,-0.04644163721200034
2021-01-20,-0.020760710086505596
2021-01-21,-0.00201558255396983
2021-01-22,-0.0006415825645812445
2021-01-25,0.0
2021-01-26,-0.0009637512319983221
2021-01-27,-0.018268695235748034
2021-01-28,-0.016114838550981947
2021-01-29,-0.03890946443644061
2021-02-01,-0.018639146639603976
2021-02-02,-0.007932027408154796
2021-02-03,-0.006566593486678984
2021-02-04,0.0
2021-02-05,-0.0009413778482367796
2021-02-08,0.0
2021-02-09,-0.00353591497630934
2021-02-10,0.0
2021-02-11,0.0
2021-02-12,-0.0026049208548820646
2021-02-16,-0.0021103583286636862
2021-02-17,-0.01241008216526307
2021-02-18,-0.01729824030326521
2021-02-19,-0.01867815737865408
2021-02-22,-0.04422563125964152
2021-02-23,-0.04905248845567989
2021-02-24,-0.04018458597869057
2021-02-25,-0.08086525109399978
2021-02-26,-0.07124079894859736
2021-03-01,-0.04684426412356768
2021-03-02,-0.06446793691508323
2021-03-03,-0.09051097328216295
2021-03-04,-0.10564626005351785
2021-03-05,-0.09278730946727254
2021-03-08,-0.12411433364058055
2021-03-09,-0.0892966132527585
2021-03-10,-0.09225634293543927
2021-03-11,-0.07233556079705628
2021-03-12,-0.07761947531704583
2021-03-15,-0.06566174499814481
2021-03-16,-0.058367444278892844
2021-03-17,-0.05887010422606698
2021-03-18,-0.08796572102842981
2021-03-19,-0.08757961990523888
2021-03-22,-0.06790639910483409
2021-03-23,-0.07184382382366994
2021-03-24,-0.08751320309539368
2021-03-25,-0.09028113573036134
2021-03-26,-0.07601253943726083
2021-03-29,-0.07504801213162138
2021-03-30,-0.08324505317101372
2021-03-31,-0.06588326485329743
2021-04-01,-0.047355883805028864
2021-04-05,-0.028886516900308856
2021-04-06,-0.031812058747141325
2021-04-07,-0.021453642242737936
2021-04-08,-0.009394078063030276
2021-04-09,0.0
2021-04-12,0.0
2021-04-13,0.0
2021-04-14,-0.014680826665208424
2021-04-15,0.0
2021-04-16,-0.002113085189947461
2021-04-19,-0.01278898447987109
2021-04-20,-0.021327563981157094
2021-04-21,-0.013086341817431513
2021-04-22,-0.029835310503599555
2021-04-23,-0.012473805504358948
2021-04-26,-0.007429988133252352
2021-04-27,-0.009241808340037294
2021-04-28,-0.019614075200813375
2021-04-29,-0.019453473029755308
2021-04-30,-0.03022351820357838
2021-05-03,-0.030831923745031076
2021-05-04,-0.053068854628203765
2021-05-05,-0.05203419483426852
2021-05-06,-0.04296546495186171
2021-05-07,-0.03263935160013709
2021-05-10,-0.05557164077152754
2021-05-11,-0.05968428099808065
2021-05-12,-0.08685263267215204
2021-05-13,-0.07780732401046841
2021-05-14,-0.055410231134568
2021-05-17,-0.0623403177584968
2021-05-18,-0.07152754853209675
2021-05-19,-0.07103445281957033
2021-05-20,-0.05167577496572673
2021-05-21,-0.05058594771611369
2021-05-24,-0.030047027067562904
2021-05-25,-0.029505672566202512
2021-05-26,-0.02853323316820533
2021-05-27,-0.03684668108123301
2021-05-28,-0.02586754099484978
2021-06-01,-0.02866250835368478
2021-06-02,-0.019307807944403677
2021-06-03,-0.02201659158629765
2021-06-04,-0.0015665029779067252
2021-06-07,0.0
2021-06-08,-0.0018179553533006487
2021-06-09,-0.0017765282356428935
2021-06-10,0.0
2021-06-11,0.0
2021-06-14,0.0
2021-06-15,-0.006764987583408377
2021-06-16,-0.007820445259477227
2021-06-17,0.0
2021-06-18,-0.00759179589357617
2021-06-21,-0.00038016305973342934
2021-06-22,0.0
2021-06-23,0.0
2021-06-24,0.0
2021-06-25,-0.003528636405839891
2021-06-28,0.0
2021-06-29,0.0
2021-06-30,0.0
2021-07-01,0.0
2021-07-02,0.0
2021-07-06,0.0
2021-07-07,0.0
2021-07-08,-0.012430426259154026
2021-07-09,-0.004321279906419839
2021-07-12,0.0
2021-07-13,0.0
2021-07-14,0.0
2021-07-15,-0.014572703049816282
2021-07-16,-0.030938678474193293
2021-07-19,-0.03628539617003679
2021-07-20,-0.026840259780245845
2021-07-21,-0.014111330789713383
2021-07-22,-0.004791362938858734
2021-07-23,0.0
2021-07-26,-0.0025978629942933207
2021-07-27,-0.01076878502519485
2021-07-28,-0.010411960778653251
2021-07-29,-0.006013699536741246
2021-07-30,-0.01029991338707259
2021-08-02,-0.008310533594417135
2021-08-03,-0.0003779819219099645
2021-08-04,0.0
2021-08-05,0.0
2021-08-06,-0.004138271728545306
2021-08-09,-0.006269341295137676
2021-08-10,-0.01286287231700034
2021-08-11,-0.014322487818505092
2021-08-12,-0.0035110321477658246
2021-08-13,0.0
2021-08-16,0.0
2021-08-17,-0.010723390672857214
2021-08-18,-0.026722747623276977
2021-08-19,-0.011279598564418292
2021-08-20,0.0
2021-08-23,0.0
2021-08-24,-0.0033111017412402743
2021-08-25,-0.0006421983688089661
2021-08-26,-0.0075696783362108055
2021-08-27,0.0
2021-08-30,0.0
2021-08-31,-0.00721512453490436
2021-09-01,-0.005395130038747031
2021-09-02,-0.0038396191175534833
2021-09-03,0.0
2021-09-07,0.0
2021-09-08,-0.006402241900595795
2021-09-09,-0.013408110149338515
2021-09-10,-0.02161925605760584
2021-09-13,-0.02256052419993082
2021-09-14,-0.022946716924482358
2021-09-15,-0.014269802267093068
2021-09-16,-0.01582924592394297
2021-09-17,-0.03095753396257994
2021-09-20,-0.053670398092364846
2021-09-21,-0.051197190248398305
2021-09-22,-0.034268572551511056
2021-09-23,-0.023064116234880805
2021-09-24,-0.027079277740608032
2021-09-27,-0.03928393269841801
2021-09-28,-0.0697155872731744
2021-09-29,-0.06948200770218738
2021-09-30,-0.07398384212615028
2021-10-01,-0.06326234204256065
2021-10-04,-0.08872980173097411
2021-10-05,-0.0705133299974624
2021-10-06,-0.061801979687626685
2021-10-07,-0.05206243280915679
2021-10-08,-0.05590058232504913
2021-10-11,-0.05980705690103283
2021-10-12,-0.06388950796866821
2021-10-13,-0.05830394861654664
2021-10-14,-0.035698071421429
2021-10-15,-0.029622394804670438
2021-10-18,-0.019651804737098377
2021-10-19,-0.012602569505997918
2021-10-20,-0.013543749475488864
2021-10-21,-0.003379509871069386
2021-10-22,-0.005871219412068918
2021-10-25,-0.000688993580629127
2021-10-26,0.0
2021-10-27,0.0
2021-10-28,0.0
2021-10-29,0.0
2021-11-01,-0.00014864773774880824
2021-11-02,0.0
2021-11-03,0.0
2021-11-04,0.0
2021-11-05,0.0
2021-11-08,0.0
2021-11-09,-0.0021821490754503348
2021-11-10,-0.022821186118483827
2021-11-11,-0.014022984297695884
2021-11-12,-0.005500155655552397
2021-11-15,-0.008883029874703241
2021-11-16,-0.002270012560053214
2021-11-17,-0.006531187289142593
2021-11-18,0.0
2021-11-19,0.0
2021-11-22,-0.010298660514866498
2021-11-23,-0.012573849829350392
2021-11-24,-0.003825734203056763
2021-11-26,-0.03269005939094083
2021-11-29,-0.005497449063931237
2021-11-30,-0.01242460684964597
2021-12-01,-0.025885588581689434
2021-12-02,-0.018821747799748545
2021-12-03,-0.039923603513951966
2021-12-06,-0.03482550606049495
2021-12-07,0.0
2021-12-08,0.0
2021-12-09,-0.014558067050348789
2021-12-10,-0.0009291691093352705
2021-12-13,-0.02811293392626002
2021-12-14,-0.03828336828416745
2021-12-15,-0.005858417042147623
2021-12-16,-0.04287291100191104
2021-12-17,-0.05279683563613724
2021-12-20,-0.06082106614792815
2021-12-21,-0.03567970854783087
2021-12-22,-0.022621880588935772
2021-12-23,-0.017140873328929107
2021-12-27,0.0
2021-12-28,-0.007612455867262891
2021-12-29,-0.009302802755460249
2021-12-30,-0.016985294372524162
2021-12-31,-0.022116177587971575
2022-01-03,-0.00997940141382303
2022-01-04,-0.02442878353194411
2022-01-05,-0.059739312798899435
2022-01-06,-0.06094439645130467
2022-01-07,-0.06941045558131642
2022-01-10,-0.06820002140610404
2022-01-11,-0.058166213196155225
2022-01-12,-0.05294397837094866
2022-01-13,-0.08337481340481745
2022-01-14,-0.07494555740395592
2022-01-18,-0.0982826546570933
2022-01-19,-0.1123154502628887
2022-01-20,-0.12663337200246527
2022-01-21,-0.14496848057133482
2022-01-24,-0.14487782081712175
2022-01-25,-0.16552019305743426
2022-01-26,-0.1561555570909835
2022-01-27,-0.16342142772770563
2022-01-28,-0.13002158309600864
2022-01-31,-0.10348411677619973
2022-02-01,-0.102411745487618
2022-02-02,-0.08984242841713086
2022-02-03,-0.12010569871324639
2022-02-04,-0.1126635544585618
2022-02-07,-0.11426625244683464
2022-02-08,-0.10238259290926832
2022-02-09,-0.07858370698641826
2022-02-10,-0.10261903133818784
2022-02-11,-0.13409291434223325
2022-02-14,-0.13166780538798972
2022-02-15,-0.10016948808542614
2022-02-16,-0.10035709874448306
2022-02-17,-0.13441118639592875
2022-02-18,-0.14772129067847806
2022-02-22,-0.15628846468317314
2022-02-23,-0.18036907319046136
2022-02-24,-0.15161462915808288
2022-02-25,-0.13868253884914328
2022-02-28,-0.13578968945380943
2022-03-01,-0.15262577706465663
2022-03-02,-0.13407967757566108
2022-03-03,-0.14326140804246412
2022-03-04,-0.16056466006745318
2022-03-07,-0.19498086933252634
2022-03-08,-0.1995753335014273
2022-03-09,-0.1649383016186582
2022-03-10,-0.1770081860309457
2022-03-11,-0.19376612334276277
2022-03-14,-0.2104482798449515
2022-03-15,-0.17823189359126712
2022-03-16,-0.14954692849274964
2022-03-17,-0.14260644529736877
2022-03-18,-0.11795890198217007
2022-03-21,-0.1147527920128365
2022-03-22,-0.10577173999412748
2022-03-23,-0.11785204186929044
2022-03-24,-0.0855897101648061
2022-03-25,-0.08768995170814164
2022-03-28,-0.07541542898428621
2022-03-29,-0.06116257760663102
2022-03-30,-0.07338708173783126
2022-03-31,-0.08867287499505838
2022-04-01,-0.09244494441657913
2022-04-04,-0.07572456141390604
2022-04-05,-0.09849611313144424
2022-04-06,-0.12701396065764803
2022-04-07,-0.1259519765754129
2022-04-08,-0.14242633479057798
2022-04-11,-0.17173603649877578
2022-04-12,-0.17640732251858238
2022-04-13,-0.16011915477090932
2022-04-14,-0.184040848062479
2022-04-18,-0.1787496644243397
2022-04-19,-0.16524038295528876
2022-04-20,-0.17167553639611755
2022-04-21,-0.19277050906098636
2022-04-22,-0.2158040108276591
2022-04-25,-0.2047757592889211
2022-04-26,-0.2372118300989583
2022-04-27,-0.23181989912130008
2022-04-28,-0.20049772371954055
2022-04-29,-0.2368996497487551
2022-05-02,-0.22077953299441966
2022-05-03,-0.21918692198525247
2022-05-04,-0.19272969684855146
2022-05-05,-0.23594896953909295
2022-05-06,-0.23972557431506614
2022-05-09,-0.2779019968809866
2022-05-10,-0.2645318124544128
2022-05-11,-0.2938452637570047
2022-05-12,-0.3072989105984486
2022-05-13,-0.27823557393582987
2022-05-16,-0.28520441391909157
2022-05-17,-0.2642716772178081
2022-05-18,-0.30407745477808956
2022-05-19,-0.30823197130070756
2022-05-20,-0.31264940899494087
2022-05-23,-0.2951996467981024
2022-05-24,-0.3086001981878109
2022-05-25,-0.29639398264217753
2022-05-26,-0.2777783675097022
2022-05-27,-0.25181209983453445
2022-05-31,-0.2561946651542307
2022-06-01,-0.26103051330395455
2022-06-02,-0.24060517003525672
2022-06-03,-0.2630341619328349
2022-06-06,-0.2617337006810755
2022-06-07,-0.2528261281710986
2022-06-08,-0.25997537811948146
2022-06-09,-0.2811390421417612
2022-06-10,-0.31272543418566523
2022-06-13,-0.34751644824427474
2022-06-14,-0.34347073930920113
2022-06-15,-0.32605978233326016
2022-06-16,-0.3528684441017237
2022-06-17,-0.34603691536557923
2022-06-21,-0.32581583157985394
2022-06-22,-0.32928264983760924
2022-06-23,-0.32170408287072405
2022-06-24,-0.29743044800330243
2022-06-27,-0.3026117594980352
2022-06-28,-0.3265261654953553
2022-06-29,-0.32672176505377903
2022-06-30,-0.3375897951348684
2022-07-01,-0.3385261943451884
2022-07-05,-0.32809594430107436
2022-07-06,-0.32193668053476565
2022-07-07,-0.30604131259738443
2022-07-08,-0.3060659166908243
2022-07-11,-0.32037398727868205
2022-07-12,-0.3286235637456738
2022-07-13,-0.3296533203496159
2022-07-14,-0.3234803547776405
2022-07-15,-0.31236833566058375
2022-07-18,-0.3153833910091455
2022-07-19,-0.2935703394616297
2022-07-20,-0.27994963564962105
2022-07-21,-0.27123375743234013
2022-07-22,-0.2850560921926979
2022-07-25,-0.2902904932383231
2022-07-26,-0.30398300733751127
2022-07-27,-0.26965423125245025
2022-07-28,-0.2596088607014977
2022-07-29,-0.24624702398391785
2022-08-01,-0.2469480778978359
2022-08-02,-0.251257807162133
2022-08-03,-0.23251206787379264
2022-08-04,-0.22896910936449932
2022-08-05,-0.23234737360883706
2022-08-08,-0.24737809122614185
2022-08-09,-0.2543743291630164
2022-08-10,-0.23048809107156687
2022-08-11,-0.23442636799188643
2022-08-12,-0.21591085511361552
2022-08-15,-0.20946707997718117
2022-08-16,-0.21137066426839024
2022-08-17,-0.2173356251551274
2022-08-18,-0.21337131330283643
2022-08-19,-0.23169376715442946
2022-08-22,-0.2549104284602728
2022-08-23,-0.2550199849216519
2022-08-24,-0.25408544129045363
2022-08-25,-0.23931545504730978
2022-08-26,-0.27906759722671315
2022-08-29,-0.2898417999237545
2022-08-30,-0.29984074466144917
2022-08-31,-0.30833481099311555
2022-09-01,-0.32148028350888413
2022-09-02,-0.33202104450723235
2022-09-06,-0.33811464376632583
2022-09-07,-0.3274303726089052
2022-09-08,-0.3243297173533004
2022-09-09,-0.3100089859281524
2022-09-12,-0.29881541792125343
2022-09-13,-0.34456647545450125
2022-09-14,-0.342272064053711
2022-09-15,-0.3543245510303492
2022-09-16,-0.35443722758407603
2022-09-19,-0.34710296661220996
2022-09-20,-0.350370016415272
2022-09-21,-0.3578707442470176
2022-09-22,-0.36759931767738996
2022-09-23,-0.375267871616239
2022-09-26,-0.3804126912081419
2022-09-27,-0.3781488562857229
2022-09-28,-0.3700708545042244
2022-09-29,-0.39018999907131313
2022-09-30,-0.4012112572825397
2022-10-03,-0.3832893547617642
2022-10-04,-0.3616897248557117
2022-10-05,-0.3610211242799829
2022-10-06,-0.36625025543444445
2022-10-07,-0.3981866499616157
2022-10-10,-0.40737086805987144
2022-10-11,-0.41341227200021136
2022-10-12,-0.41544520643033667
2022-10-13,-0.39568025263639295
2022-10-14,-0.4173779443858763
2022-10-17,-0.3955614148675757
2022-10-18,-0.3907643198258429
2022-10-19,-0.39196111571612746
2022-10-20,-0.3921577176078149
2022-10-21,-0.3773054277107576
2022-10-24,-0.36820857982069777
2022-10-25,-0.3524291261936895
2022-10-26,-0.37438026952326386
2022-10-27,-0.37981804194001756
2022-10-28,-0.35121042497978083
2022-10-31,-0.3614977638229775
2022-11-01,-0.3672264340447706
2022-11-02,-0.3867884120779641
2022-11-03,-0.39682261398065355
2022-11-04,-0.38197817956646873
2022-11-07,-0.3738735975560121
2022-11-08,-0.368433321989723
2022-11-09,-0.3892805395003641
2022-11-10,-0.33558225345571124
2022-11-11,-0.3220360209534202
2022-11-14,-0.3292891119068423
2022-11-15,-0.32182046257926245
2022-11-16,-0.33209911950782645
2022-11-17,-0.33295683018958344
2022-11-18,-0.33476505339809526
2022-11-21,-0.33944082241416007
2022-11-22,-0.32521303193853746
2022-11-23,-0.3164248749619365
2022-11-25,-0.3225024946751406
2022-11-28,-0.3383782803726305
2022-11-29,-0.3451558830962932
2022-11-30,-0.30956091511001416
2022-12-01,-0.30751758390148376
2022-12-02,-0.3107145773444038
2022-12-05,-0.3212498747506942
2022-12-06,-0.3380419135434879
2022-12-07,-0.33975687125403287
2022-12-08,-0.32403805507067296
2022-12-09,-0.3289062831035181
2022-12-12,-0.3138103472089784
2022-12-13,-0.3032121702532199
2022-12-14,-0.31073292346602865
2022-12-15,-0.3360464549702382
2022-12-16,-0.3471337012838096
2022-12-19,-0.3571467493446664
2022-12-20,-0.3577919702386543
2022-12-21,-0.3457948134290755
2022-12-22,-0.36825229022912687
2022-12-23,-0.3688066663287475
2022-12-27,-0.38449116200018174
2022-12-28,-0.39372645538818074
2022-12-29,-0.3766557000842894
2022-12-30,-0.37733646465341586
2023-01-03,-0.3873013009460614
2023-01-04,-0.38682793826901574
2023-01-05,-0.3999486198056852
2023-01-06,-0.3832492711059031
2023-01-09,-0.37343347904828106
2023-01-10,-0.36766217541688406
2023-01-11,-0.35675163268380294
2023-01-12,-0.3493599408726278
2023-01-13,-0.34282395036774915
2023-01-17,-0.3332983436801884
2023-01-18,-0.3431152780497101
2023-01-19,-0.352854868099412
2023-01-20,-0.3310606971942457
2023-01-23,-0.3113119051490433
2023-01-24,-0.30951190189659605
2023-01-25,-0.3107645480888189
2023-01-26,-0.29691723949705473
2023-01-27,-0.2890837399809627
2023-01-30,-0.3097009683804731
2023-01-31,-0.29869883493446236
2023-02-01,-0.2798207770891622
2023-02-02,-0.2559494878717071
2023-02-03,-0.2631922838388875
2023-02-06,-0.2688799628211571
2023-02-07,-0.24633548157921203
2023-02-08,-0.25207643808617497
2023-02-09,-0.256086053258863
2023-02-10,-0.26471032986967324
2023-02-13,-0.24901842086695158
2023-02-14,-0.23938575404684392
2023-02-15,-0.23939100795552348
2023-02-16,-0.2556260780627445
2023-02-17,-0.2656945694634836
2023-02-21,-0.2846557730052789
2023-02-22,-0.2843530220913394
2023-02-23,-0.2570359002462014
2023-02-24,-0.26948737289486024
2023-02-27,-0.26500041267898455
2023-02-28,-0.2691017565203052
2023-03-01,-0.27887139394912563
2023-03-02,-0.26839563871970384
2023-03-03,-0.25169417586340526
2023-03-06,-0.24962360189877741
2023-03-07,-0.2593566574798851
2023-03-08,-0.25087070615666995
2023-03-09,-0.2640548260101998
2023-03-10,-0.27577581409843355
2023-03-13,-0.26979909280665526
2023-03-14,-0.2508608809343582
2023-03-15,-0.2469558207208361
2023-03-16,-0.22277803782608252
2023-03-17,-0.2224721111234551
2023-03-20,-0.22138169032978217
2023-03-21,-0.21319164209896846
2023-03-22,-0.21743659176017505
2023-03-23,-0.20645647011014034
2023-03-24,-0.20447856296546496
2023-03-27,-0.21140997354741464
2023-03-28,-0.21436249694409226
2023-03-29,-0.19972383983329223
2023-03-30,-0.19114113121950793
2023-03-31,-0.17927992093866507
2023-04-03,-0.17630426920635112
2023-04-04,-0.1819612235285044
2023-04-05,-0.19115816209930314
2023-04-06,-0.1829941661745046
2023-04-10,-0.18357325083924314
2023-04-11,-0.19281092206933392
2023-04-12,-0.19911436535532945
2023-04-13,-0.1855645364551276
2023-04-14,-0.18685223460644207
2023-04-17,-0.18237309055172113
2023-04-18,-0.17604296110524287
2023-04-19,-0.1726339888592997
2023-04-20,-0.18288024460381969
2023-04-21,-0.18486654453167783
2023-04-24,-0.18771644614482874
2023-04-25,-0.20362579083249377
2023-04-26,-0.18520796241342818
2023-04-27,-0.16703717318496702
2023-04-28,-0.1580871797615102
2023-05-01,-0.15095233819386467
2023-05-02,-0.15997667835840168
2023-05-03,-0.1665408376789842
2023-05-04,-0.17121415144663277
2023-05-05,-0.14614832305873582
2023-05-08,-0.14407914407421318
2023-05-09,-0.1526112632685397
2023-05-10,-0.14347919475519733
2023-05-11,-0.1474204557786234
2023-05-12,-0.15142517624304885
2023-05-15,-0.14643413094922575
2023-05-16,-0.14439079201940141
2023-05-17,-0.1320766864609898
2023-05-18,-0.11342449163766599
2023-05-19,-0.1166490192737838
2023-05-22,-0.11643408865241489
2023-05-23,-0.12989478785977115
2023-05-24,-0.13316263621407953
2023-05-25,-0.07440904334426468
2023-05-26,-0.05748226107282228
2023-05-30,-0.04914113351495564
2023-05-31,-0.06645529213016277
2023-06-01,-0.04593248694773089
2023-06-02,-0.04202956581185335
2023-06-05,-0.04487561719775057
2023-06-06,-0.049633122980418554
2023-06-07,-0.06709077823992593
2023-06-08,-0.05439896357777041
2023-06-09,-0.05076511078707768
2023-06-12,-0.03697464636235803
2023-06-13,-0.025046126580433925
2023-06-14,-0.010231774290011098
2023-06-15,0.0
2023-06-16,-0.006272554856231127
2023-06-20,-0.0041587292935085785
2023-06-21,-0.014557756312415404
2023-06-22,-0.005245831132714263
2023-06-23,-0.015778102389193305
2023-06-26,-0.03278118147646769
2023-06-27,-0.014884541763101278
2023-06-28,-0.01677113281031095
2023-06-29,-0.017719255927251876
2023-06-30,0.0
2023-07-03,-0.002890339582092727
2023-07-05,-0.005176026543958434
2023-07-06,-0.005484847345341826
2023-07-07,-0.008199645427824254
2023-07-10,-0.016165909473484175
2023-07-11,-0.01351419127372333
2023-07-12,0.0
2023-07-13,0.0
2023-07-14,-0.0008613906037696628
2023-07-17,0.0
2023-07-18,0.0
2023-07-19,-0.002973642945401367
2023-07-20,-0.021376407518426177
2023-07-21,-0.03168180721514868
2023-07-24,-0.02699176096435174
2023-07-25,-0.015380982814233946
2023-07-26,-0.02489672039314994
2023-07-27,-0.030878820877076607
2023-07-28,-0.015281500286282279
2023-07-31,-0.015934685415898486
2023-08-01,-0.018558043360907273
2023-08-02,-0.044461284420207914
2023-08-03,-0.04619204497999552
2023-08-04,-0.0573090731318564
2023-08-07,-0.05383755713375871
2023-08-08,-0.0604972404940477
2023-08-09,-0.07831998572591248
2023-08-10,-0.0789225090768797
2023-08-11,-0.08883454600581919
2023-08-14,-0.06770006319192923
2023-08-15,-0.07363561441245514
2023-08-16,-0.07946108053329703
2023-08-17,-0.08789066121212163
2023-08-18,-0.08766461116597091
2023-08-21,-0.06202186276253252
2023-08-22,-0.06696628601836829
2023-08-23,-0.048775976170191915
2023-08-24,-0.06333235163090967
2023-08-25,-0.06230780135273262
2023-08-28,-0.05411395386320217
2023-08-29,-0.03256089349223701
2023-08-30,-0.024325852275676296
2023-08-31,-0.02471245392721677
2023-09-01,-0.025750281895780325
2023-09-05,-0.022703975861138148
2023-09-06,-0.041329131681319686
2023-09-07,-0.05554149756600668
2023-09-08,-0.05470422793601415
2023-09-11,-0.0510667496352627
2023-09-12,-0.06244820417635766
2023-09-13,-0.058768117816096255
2023-09-14,-0.05235290855158836
2023-09-15,-0.07112022365076753
2023-09-18,-0.06755759884034218
2023-09-19,-0.0692726208312372
2023-09-20,-0.08871927827443893
2023-09-21,-0.10212108067466974
2023-09-22,-0.10007451234321696
2023-09-25,-0.093815356279911
2023-09-26,-0.10809263506605749
2023-09-27,-0.10658879033402557
2023-09-28,-0.10110862659941955
2023-09-29,-0.09733618173765601
2023-10-02,-0.08325995468932557
2023-10-03,-0.10077265092034149
2023-10-04,-0.09085323163335457
2023-10-05,-0.08570919082427342
2023-10-06,-0.0686505935841677
2023-10-09,-0.06589231548305641
2023-10-10,-0.06378634517681259
2023-10-11,-0.05303643369604771
2023-10-12,-0.05348605721904465
2023-10-13,-0.06718036927386684
2023-10-16,-0.05821142647692967
2023-10-17,-0.07199441264594064
2023-10-18,-0.08758046012563525
2023-10-19,-0.08976645807495709
2023-10-20,-0.10305969926320258
2023-10-23,-0.09303856355592066
2023-10-24,-0.08632682303465655
2023-10-25,-0.09590431964531165
2023-10-26,-0.12090114441921085
2023-10-27,-0.11792567674369148
2023-10-30,-0.10407933781980139
2023-10-31,-0.10359892281625449
2023-11-01,-0.08351298252153516
2023-11-02,-0.06668018186505431
2023-11-03,-0.05488729959816241
2023-11-06,-0.04454896900354954
2023-11-07,-0.0367154737654537
2023-11-08,-0.030127009588931775
2023-11-09,-0.032394461598772684
2023-11-10,-0.010114422062385331
2023-11-13,-0.013038740356909218
2023-11-14,0.0
2023-11-15,-0.002507502463747535
2023-11-16,0.0
2023-11-17,-0.004872753028182131
2023-11-20,0.0
2023-11-21,-0.00683371673933264
2023-11-22,-0.008025933526296103
2023-11-24,-0.01472424399033534
2023-11-27,-0.012241939665821433
2023-11-28,-0.010716366649316189
2023-11-29,-0.013088314143460567
2023-11-30,-0.018448453539657073
2023-12-01,-0.018232602848594404
2023-12-04,-0.03208010689105156
2023-12-05,-0.01930632100867924
2023-12-06,-0.029816856609995224
2023-12-07,-0.01835922864254369
2023-12-08,-0.008587081441083888
2023-12-11,-0.017427028229231478
2023-12-12,-0.006973333835653572
2023-12-13,0.0
2023-12-14,-0.003351893076014023
2023-12-15,0.0
2023-12-18,0.0
2023-12-19,0.0
2023-12-20,-0.015596022570329438
2023-12-21,-0.007076004866734209
2023-12-22,-0.00808044308233391
2023-12-26,-0.005418317965578123
2023-12-27,-0.004536904945369957
2023-12-28,-0.0025575500303843812
2023-12-29,-0.004132277943312834
2024-01-02,-0.024951110340844962
2024-01-03,-0.032009946135639455
2024-01-04,-0.03545430874856559
2024-01-05,-0.03075942784364305
2024-01-08,-0.0019106620588358325
2024-01-09,0.0
2024-01-10,0.0
2024-01-11,0.0
2024-01-12,0.0
2024-01-16,0.0
2024-01-17,-0.004666356030167074
2024-01-18,0.0
2024-01-19,0.0
2024-01-22,0.0
2024-01-23,0.0
2024-01-24,0.0
2024-01-25,0.0
2024-01-26,-0.005551277942467792
2024-01-29,0.0
2024-01-30,-0.004508620061700608
2024-01-31,-0.025259698922890927
2024-02-01,-0.009221068067235771
2024-02-02,0.0
2024-02-05,0.0
2024-02-06,-0.0012563925150230748
2024-02-07,0.0
2024-02-08,-0.0029348926605431425
2024-02-09,0.0
2024-02-12,-0.005136855697283393
2024-02-13,-0.017232720904715726
2024-02-14,-0.00786829319877369
2024-02-15,-0.01253884203478639
2024-02-16,-0.017536908890157576
2024-02-20,-0.0316104172610695
2024-02-21,-0.03774910989045421
2024-02-22,0.0
2024-02-23,-0.002259153870898367
2024-02-26,-0.005879018265501856
2024-02-27,-0.004677562364197696
2024-02-28,-0.009817852577001518
2024-02-29,-0.0017009823992579776
2024-03-01,0.0
2024-03-04,0.0
2024-03-05,-0.015093944437045703
2024-03-06,-0.00792916123461107
2024-03-07,0.0
2024-03-08,-0.015018297529879043
2024-03-11,-0.018351152439585294
2024-03-12,0.0
2024-03-13,-0.006353380789955065
2024-03-14,-0.006341258027799723
2024-03-15,-0.01409652185715704
2024-03-18,-0.00881015534395102
2024-03-19,0.0
2024-03-20,0.0
2024-03-21,-0.004258480103764284
2024-03-22,0.0
2024-03-25,-0.004344443837997258
2024-03-26,-0.013663524809494287
2024-03-27,-0.012787329021234806
2024-03-28,-0.015580893570008691
2024-04-01,-0.015838311683980977
2024-04-02,-0.02344939316182404
2024-04-03,-0.023922533947068225
2024-04-04,-0.03815053161933313
2024-04-05,-0.02439903155554657
2024-04-08,-0.02886405904898348
2024-04-09,-0.03087513392161101
2024-04-10,-0.03301351156533505
2024-04-11,-0.008566475294100373
2024-04-12,-0.02013727909546492
2024-04-15,-0.039630437618824677
2024-04-16,-0.0402548988432988
2024-04-17,-0.05469449705310714
2024-04-18,-0.05913819187678726
2024-04-19,-0.09190056186170292
2024-04-22,-0.07794625303159719
2024-04-23,-0.06171795073951181
2024-04-24,-0.065960540674186
2024-04-25,-0.06293804978427064
2024-04-26,-0.043270597055900306
2024-04-29,-0.038911791212742575
2024-04-30,-0.05876189765731421
2024-05-01,-0.06692426990638478
2024-05-02,-0.05029184759560534
2024-05-03,-0.020283955418202493
2024-05-06,-0.0068254576871659145
2024-05-07,-0.012456288438869922
2024-05-08,-0.011637357455076436
2024-05-09,-0.0112793631517778
2024-05-10,-0.008093438827544874
2024-05-13,-0.002900099957005353
2024-05-14,0.0
2024-05-15,0.0
2024-05-16,-0.0023118907771704222
2024-05-17,-0.007396383138716822
2024-05-20,0.0
2024-05-21,0.0
2024-05-22,-0.002897062642034931
2024-05-23,0.0
2024-05-24,0.0
2024-05-28,0.0
2024-05-29,-1.1478835929334963e-05
2024-05-30,-0.018555821947854767
2024-05-31,-0.016763562960850464
2024-06-03,-0.0035048710145429984
2024-06-04,0.0
2024-06-05,0.0
2024-06-06,-0.0044464738492973055
2024-06-07,-0.002303336082907448
2024-06-10,-0.0021474872871724004
2024-06-11,0.0
2024-06-12,0.0
2024-06-13,0.0
2024-06-14,0.0
2024-06-17,0.0
2024-06-18,0.0
2024-06-20,-0.015487075299607467
2024-06-21,-0.024212103021804876
2024-06-24,-0.04226649981935826
2024-06-25,-0.022876881135131977
2024-06-26,-0.016481967998931535
2024-06-27,-0.019474941052700423
2024-06-28,-0.028564561960167767
2024-07-01,-0.01435160352365783
2024-07-02,-0.010610084038165879
2024-07-03,0.0
2024-07-05,0.0
2024-07-08,0.0
2024-07-09,0.0
2024-07-10,0.0
2024-07-11,-0.028628693206110722
2024-07-12,-0.021085681436025405
2024-07-15,-0.017648430214339816
2024-07-16,-0.022180198454166633
2024-07-17,-0.05193385779215487
2024-07-18,-0.05422266986286972
2024-07-19,-0.06367007783111911
2024-07-22,-0.04765442526688857
2024-07-23,-0.047728041185596815
2024-07-24,-0.08559725963878762
2024-07-25,-0.09753457658034026
2024-07-26,-0.08929838997543482
2024-07-29,-0.09107169032979534
2024-07-30,-0.11027850030822672
2024-07-31,-0.07898419892251018
2024-08-01,-0.10274541832735795
2024-08-02,-0.11413028114896662
2024-08-05,-0.15350999566708923
2024-08-06,-0.14340784013928098
2024-08-07,-0.15407762109363665
2024-08-08,-0.130931026537341
2024-08-09,-0.12567759917293453
2024-08-12,-0.11485160626454782
2024-08-13,-0.08958781975537866
2024-08-14,-0.08307653097936574
2024-08-15,-0.06430885584930912
2024-08-16,-0.060579158920215814
2024-08-19,-0.046797886432712654
2024-08-20,-0.049786059339909206
2024-08-21,-0.04713370459201438
2024-08-22,-0.06485238546690164
2024-08-23,-0.04888984486153314
2024-08-26,-0.05640084236611287
2024-08-27,-0.051588912116721564
2024-08-28,-0.0614637728170605
2024-08-29,-0.07209381080222177
2024-08-30,-0.06495717960746095
2024-09-03,-0.1040195183058954
2024-09-04,-0.11045662234018438
2024-09-05,-0.10765632605564035
2024-09-06,-0.12600348389236515
2024-09-09,-0.11370516884325521
2024-09-10,-0.10559624299984738
2024-09-11,-0.07849782999374788
2024-09-12,-0.06993255836521839
2024-09-13,-0.06713471091457612
2024-09-16,-0.07754172819080984
2024-09-17,-0.07728099949098455
2024-09-18,-0.08063888944193776
2024-09-19,-0.055272141443491574
2024-09-20,-0.061998692407135514
2024-09-23,-0.0636230227013922
2024-09-24,-0.055278019446392435
2024-09-25,-0.0501250830792308
2024-09-26,-0.047405355253730574
2024-09-27,-0.05441545649430357
2024-09-30,-0.046790334442815884
2024-10-01,-0.07024079104800296
2024-10-02,-0.0678865109845056
2024-10-03,-0.06207244662441025
2024-10-04,-0.05513235237602365
2024-10-07,-0.06115545282460089
2024-10-08,-0.04240767244783483
2024-10-09,-0.035641120055223574
2024-10-10,-0.03363241912912551
2024-10-11,-0.03350597363018415
2024-10-14,-0.020165918176477615
2024-10-15,-0.031381188864585075
2024-10-16,-0.02653906026938213
2024-10-17,-0.023619201698946712
2024-10-18,-0.01696169194541053
2024-10-21,-0.005494521546205333
2024-10-22,-0.0013573743271506622
2024-10-23,-0.017919182427097557
2024-10-24,-0.01602498836864019
2024-10-25,-0.011270773696881675
2024-10-28,-0.011081260735916199
2024-10-29,-0.006027581161530793
2024-10-30,-0.013655929046009763
2024-10-31,-0.05039374768979976
2024-11-01,-0.045556028532162784
2024-11-04,-0.047006353128465905
2024-11-05,-0.0341935129230736
2024-11-06,-0.014347859173900135
2024-11-07,0.0
2024-11-08,-0.003028601684734622
2024-11-11,-0.012527730230593837
2024-11-12,-0.005252248245719571
2024-11-13,-0.006284770878755563
2024-11-14,-0.002673458232996584
2024-11-15,-0.024729726166442867
2024-11-18,-0.023198864384547102
2024-11-19,-0.009170328886921597
2024-11-20,-0.011568202186700405
2024-11-21,-0.010515118741400209
2024-11-22,-0.013921927068826223
2024-11-25,-0.019354394743491987
2024-11-26,-0.008838560608153356
2024-11-27,-0.01551549635939864
2024-11-29,-0.005980515319445101
2024-12-02,0.0
2024-12-03,0.0
2024-12-04,0.0
2024-12-05,0.0
2024-12-06,-0.003752979036238391
2024-12-09,-0.006118313508565731
2024-12-10,-0.014156528372589627
2024-12-11,-0.0027907018270929562
2024-12-12,-0.005830494895261218
2024-12-13,-0.01263461766501639
2024-12-16,-0.010504164516419112
2024-12-17,-0.010601286546818245
2024-12-18,-0.03573475716233443
2024-12-19,-0.03103483492508441
2024-12-20,-0.016525862562876803
2024-12-23,-0.006158508039297517
2024-12-24,0.0
2024-12-26,-0.00040344476682208086
2024-12-27,-0.016010742916831022
2024-12-30,-0.024537032144591797
2024-12-31,-0.03481504715175532
2025-01-02,-0.036383991857252274
2025-01-03,-0.020648131344503384
2025-01-06,-0.006743814634121437
2025-01-07,-0.031550045893933065
2025-01-08,-0.029506951684941773
2025-01-10,-0.049771067702925054
2025-01-13,-0.05760441757323809
2025-01-14,-0.06188281986052924
2025-01-15,-0.03931582510184406
2025-01-16,-0.05541271242340062
2025-01-17,-0.04161047713960375
2025-01-21,-0.04212733693298165
2025-01-22,-0.019433305031559267
2025-01-23,-0.017755310758050147
2025-01-24,-0.028697604089678252
2025-01-27,-0.07496366877730454
2025-01-28,-0.03828210495025053
2025-01-29,-0.05095564397595587
2025-01-30,-0.06476916041131053
2025-01-31,-0.0762998325200146
2025-02-03,-0.09478086189745683
2025-02-04,-0.08393800216358915
2025-02-05,-0.07119757577192398
2025-02-06,-0.06117363884677551
2025-02-07,-0.0703711781518922
2025-02-10,-0.06054316953702177
2025-02-11,-0.05709493882754435
2025-02-12,-0.05793193887901127
2025-02-13,-0.04267042190741066
2025-02-14,-0.03467620290638018
2025-02-18,-0.03242907709255982
2025-02-19,-0.028749395211459805
2025-02-20,-0.02600046336643258
2025-02-21,-0.04523500354174237
2025-02-24,-0.05478089655113094
2025-02-25,-0.06632660701487947
2025-02-26,-0.0631184976593736
2025-02-27,-0.0948954580879201
2025-02-28,-0.07573736296844591
2025-03-03,-0.1095070211446535
2025-03-04,-0.11032648481591356
2025-03-05,-0.09863819461973755
2025-03-06,-0.11871365159553182
2025-03-07,-0.11182033455837559
2025-03-10,-0.14794603244617055
2025-03-11,-0.15235695145480754
2025-03-12,-0.14020618749826153
2025-03-13,-0.15328299981011506
2025-03-14,-0.12887197646621917
2025-03-17,-0.13046547647268603
2025-03-18,-0.1446664695026777
2025-03-19,-0.13358052761114503
2025-03-20,-0.1340525099335822
2025-03-21,-0.12886689184696665
2025-03-24,-0.11479102751900705
2025-03-25,-0.11140072890670538
2025-03-26,-0.13235757903848233
2025-03-27,-0.13482438964984644
2025-03-28,-0.15511905166557083
2025-03-31,-0.15405410464024183
2025-04-01,-0.14522814118183114
2025-04-02,-0.1427156961045254
2025-04-03,-0.1968842620510426
2025-04-04,-0.24680662300464817
2025-04-07,-0.2486945854497674
2025-04-08,-0.26559366954235053
2025-04-09,-0.1718419715097459
2025-04-10,-0.20760988019909055
2025-04-11,-0.18647638819269818
2025-04-14,-0.18081530594095674
2025-04-15,-0.18013783190785582
2025-04-16,-0.21512026666621165
2025-04-17,-0.21987116964497266
2025-04-21,-0.2420423600823065
2025-04-22,-0.22297540445676234
2025-04-23,-0.2039878571137489
2025-04-24,-0.18238239520514454
2025-04-25,-0.16902058291218047
2025-04-28,-0.17276679656684246
2025-04-29,-0.16834980694902735
2025-04-30,-0.16654940838677135
2025-05-01,-0.14388028072996062
2025-05-02,-0.13849070929728624
2025-05-05,-0.14745665190872026
2025-05-06,-0.15158027426289378
2025-05-07,-0.14662334391933318
2025-05-08,-0.1408740445679575
2025-05-09,-0.14106716639770045
2025-05-12,-0.10446164164871907
2025-05-13,-0.08851487671805713
2025-05-14,-0.07765118715769803
2025-05-15,-0.07783621787547435
2025-05-16,-0.07503600012983169
2025-05-19,-0.07489385911190072
2025-05-20,-0.08020157449628973
2025-05-21,-0.09675967085632464
2025-05-22,-0.09459018477009717
2025-05-23,-0.1080726097876773
2025-05-27,-0.08572941975260351
2025-05-28,-0.08964102773621341
2025-05-29,-0.0813459985322369
2025-05-30,-0.08653058871992758
2025-06-02,-0.07971498500262009
2025-06-03,-0.06978271852399998
2025-06-04,-0.06875900672884683
2025-06-05,-0.07369773055925943
2025-06-06,-0.06338783701798556
2025-06-09,-0.06335483591073487
2025-06-10,-0.0593519461557509
2025-06-11,-0.06557056026458241
2025-06-12,-0.057559425082259974
2025-06-13,-0.07039102310834522
2025-06-16,-0.059424542587316886
2025-06-17,-0.06622900580349111
2025-06-18,-0.06188079706430971
2025-06-20,-0.06125097825545556
2025-06-23,-0.05364958296485389
2025-06-24,-0.04442792220598668
2025-06-25,-0.0316098991318271
2025-06-26,-0.026751153864234767
2025-06-27,-0.02194055409272655
2025-06-30,-0.014755275402199897
2025-07-01,-0.021765149955061958
2025-07-02,-0.009537852008038694
2025-07-03,0.0
2025-07-07,-0.008414212601188908
2025-07-08,-0.006285678476618983
2025-07-09,0.0
2025-07-10,0.0
2025-07-11,-0.00019420547091308915
2025-07-14,-0.004183172862379014
2025-07-15,0.0
2025-07-16,0.0
2025-07-17,0.0
2025-07-18,-0.0004676458374384129
2025-07-21,0.0
2025-07-22,-0.006501647317364134
2025-07-23,0.0
2025-07-24,0.0
2025-07-25,0.0
2025-07-28,0.0
2025-07-29,-0.005654388793193799
2025-07-30,-0.0029995607842555616
2025-07-31,0.0
2025-08-01,-0.020803330267366693
2025-08-04,-0.0019195789978432298
2025-08-05,-0.009842622967876413
2025-08-06,0.0
2025-08-07,0.0
2025-08-08,0.0
2025-08-11,-0.0035945585682881642
2025-08-12,0.0
2025-08-13,-0.0014480605814314318
2025-08-14,-0.0005141424486480028
2025-08-15,-0.005652281939401926
2025-08-18,-0.0057905601144414565
2025-08-19,-0.019901375319057002
2025-08-20,-0.027726569915856536
2025-08-21,-0.03079624446519036
2025-08-22,-0.018476545266337685
2025-08-25,-0.019150801052859157
2025-08-26,-0.01423976680229011
2025-08-27,-0.010348201381788935
2025-08-28,-0.007805578716614581
2025-08-29,-0.01956458254804827
2025-09-02,-0.029548754235110275
2025-09-03,-0.019284979543337633
2025-09-04,-0.0131434728957045
2025-09-05,-0.027093369133999623
2025-09-08,-0.02490157027776496
2025-09-09,-0.024357608633030603
2025-09-10,-0.021485913964417125
2025-09-11,-0.015885577466122625
2025-09-12,-0.006456202356493579
2025-09-15,0.0
2025-09-16,-0.005971889185696355
2025-09-17,-0.011537467076358054
2025-09-18,-0.003810909634141102
2025-09-19,0.0
2025-09-22,0.0
2025-09-23,-0.012684667582374076
2025-09-24,-0.01711898495806108
2025-09-25,-0.01436368416302003
2025-09-26,-0.01147635309029682
2025-09-29,-0.005244057380561884
2025-09-30,0.0
2025-10-01,0.0
2025-10-02,0.0
2025-10-03,-4.7258146375961374e-05
2025-10-06,0.0
2025-10-07,-0.003988250389112102
2025-10-08,0.0
2025-10-09,-0.00128743129147324
2025-10-10,-0.0349374907554606
2025-10-13,-0.020766396614160243
2025-10-14,-0.03220670527757419
2025-10-15,-0.02994157190563862
2025-10-16,-0.031649653120715215
2025-10-17,-0.022789347274771776
2025-10-20,-0.010064185821527571
2025-10-21,-0.011165572730951756
2025-10-22,-0.016384271498767977
2025-10-23,-0.011297102230958034
2025-10-24,0.0
2025-10-27,0.0
2025-10-28,0.0
2025-10-29,0.0
2025-10-30,-0.013653544751335844
2025-10-31,-0.018027337573570335
2025-11-03,-0.013873169754294645
2025-11-04,-0.027156396430851326
2025-11-05,-0.03393680638697971
2025-11-06,-0.05069845891417091
2025-11-07,-0.05165672810729749
2025-11-10,-0.02921710206554895
2025-11-11,-0.029483357473750083
2025-11-12,-0.028949381516915063
2025-11-13,-0.04608372154010609
2025-11-14,-0.0391650386065755
2025-11-17,-0.05164053811245972
2025-11-18,-0.06689906905500387
2025-11-19,-0.06165286591834018
2025-11-20,-0.07858096050282015
2025-11-21,-0.0771219422927234
2025-11-24,-0.06441386776066726
2025-11-25,-0.06600529128853005
2025-11-26,-0.05659907661556707
2025-11-28,-0.05537600403011356
2025-12-01,-0.05156351046066754
2025-12-02,-0.044947113894787005
2025-12-03,-0.05435803956956742
2025-12-04,-0.05058880153115053
2025-12-05,-0.051883849918148095
2025-12-08,-0.045484504324982966
2025-12-09,-0.04656263568954078
2025-12-10,-0.05176503229026652
2025-12-11,-0.05313789090970478
2025-12-12,-0.06577651876227553
2025-12-15,-0.06978514400107061
2025-12-16,-0.06735113607928278
2025-12-17,-0.08149624541520917
2025-12-18,-0.07145465069906354
2025-12-19,-0.0582163727872439
2025-12-22,-0.05608718345414121
2025-12-23,-0.04587952476253765
2025-12-24,-0.043960483381770055
2025-12-26,-0.04207398779898042
2025-12-29,-0.04583473834312668
2025-12-30,-0.04739683119033755
2025-12-31,-0.05345178004917084
