Date,portfolio_return
2018-01-03,0.01862829052028006
2018-01-04,0.00571516443507783
2018-01-05,0.009680703039731444
2018-01-08,0.007326674867504832
2018-01-09,0.00029894992478820404
2018-01-10,0.00037613669471957094
2018-01-11,0.004419100222072722
2018-01-12,0.007240018842711446
2018-01-16,-0.008880746957581393
2018-01-17,0.01666332111549812
2018-01-18,-0.0006199201981797798
2018-01-19,0.005976195061016394
2018-01-22,0.00826310174033985
2018-01-23,0.006899497041642683
2018-01-24,-0.007604715646563987
2018-01-25,-0.0024299657722175057
2018-01-26,0.015378615225291086
2018-01-29,-0.003673543931003586
2018-01-30,-0.011434364006533668
2018-01-31,0.010009826890704263
2018-02-01,-0.007192713568980791
2018-02-02,-0.030621149737346608
2018-02-05,-0.049694012005712745
2018-02-06,0.03792409670543016
2018-02-07,-0.007979588069687394
2018-02-08,-0.04234704991595016
2018-02-09,0.03211759382175157
2018-02-12,0.011794327044467564
2018-02-13,0.010061761777680358
2018-02-14,0.02107520372774388
2018-02-15,0.021674517614150263
2018-02-16,-0.00523695698151092
2018-02-20,0.004851873938905237
2018-02-21,-0.013438344670491927
2018-02-22,0.0038765723906473287
2018-02-23,0.018407253861351038
2018-02-26,0.012029830893230554
2018-02-27,-0.007697566272073647
2018-02-28,-0.008227349788386434
2018-03-01,-0.02086848842014258
2018-03-02,0.008164808220501751
2018-03-05,0.004374619444893567
2018-03-06,0.006377771884436335
2018-03-07,-0.0013114513363603267
2018-03-08,0.004750577109758647
2018-03-09,0.018361850389995774
2018-03-12,0.007160149723443995
2018-03-13,-0.012273077670416431
2018-03-14,-0.003870362216442062
2018-03-15,0.001501227328118645
2018-03-16,0.0016405810441968297
2018-03-19,-0.02146087844724151
2018-03-20,0.009729887408308612
2018-03-21,-0.008983793225102982
2018-03-22,-0.02410773082829419
2018-03-23,-0.027970046918717437
2018-03-26,0.04864285680093228
2018-03-27,-0.042726652277280376
2018-03-28,-0.00840705196654069
2018-03-29,0.021627960136932904
2018-04-02,-0.026393085580655586
2018-04-03,0.013890548986999554
2018-04-04,0.015578168855643136
2018-04-05,-0.0016006927734101219
2018-04-06,-0.02618386520298272
2018-04-09,0.006538038319584234
2018-04-10,0.02845150953213419
2018-04-11,-0.007084912105943057
2018-04-12,0.018210004403944026
2018-04-13,-0.00455364872088309
2018-04-16,0.006501698383500781
2018-04-17,0.017521486616933896
2018-04-18,-0.000649989040240067
2018-04-19,-0.017310530330779013
2018-04-20,-0.015852312933195993
2018-04-23,-0.005179215129356305
2018-04-24,-0.015821295382100885
2018-04-25,-0.005664456749468947
2018-04-26,0.018311171558774247
2018-04-27,0.002657749747283014
2018-04-30,-0.005100965639012223
2018-05-01,0.012589577735592458
2018-05-02,0.0042543856067104695
2018-05-03,0.008666239920950045
2018-05-04,0.02214664848705651
2018-05-07,0.015278979378328884
2018-05-08,0.0018545347277382298
2018-05-09,0.0124045738408717
2018-05-10,0.012582609206576383
2018-05-11,-0.006168403323648817
2018-05-14,0.0011918741185251457
2018-05-15,-0.015610633180555129
2018-05-16,0.0044733822870002115
2018-05-17,-0.0025843500758833157
2018-05-18,-0.0028619044769201893
2018-05-21,0.005100201672228088
2018-05-22,-0.0031605855706328366
2018-05-23,0.010332349283915862
2018-05-24,-0.0015286563474134335
2018-05-25,0.001701338966886381
2018-05-29,-0.005379085394736184
2018-05-30,0.009553806757636278
2018-05-31,-0.0034474104355782806
2018-06-01,0.017120583134361395
2018-06-04,0.012358693283217747
2018-06-05,0.0035860311453898086
2018-06-06,0.003754723598727915
2018-06-07,-0.006786943874504046
2018-06-08,-0.00028521539100707363
2018-06-11,-0.0032995144923107546
2018-06-12,0.004207297489852098
2018-06-13,-0.004170938428973517
2018-06-14,0.006429197797563695
2018-06-15,-0.007651244917523354
2018-06-18,0.0010085992396198181
2018-06-19,-0.009716537163493879
2018-06-20,0.0060533233858738565
2018-06-21,-0.0097739751304312
2018-06-22,-0.008147027158046305
2018-06-25,-0.02432495880873831
2018-06-26,0.008364867824452851
2018-06-27,-0.012924923337410233
2018-06-28,0.0114087806151623
2018-06-29,-0.004361522148840902
2018-07-02,0.012411013944455238
2018-07-03,-0.013324177398758302
2018-07-05,0.011961859261754424
2018-07-06,0.013724629600809047
2018-07-09,0.00932111272405026
2018-07-10,0.005238238709413872
2018-07-11,-0.011154952959347132
2018-07-12,0.015482160820753911
2018-07-13,0.0016390381622474735
2018-07-16,-0.0031348490748105335
2018-07-17,0.009651119283321682
2018-07-18,-0.00478447431259721
2018-07-19,-0.0003995470944363642
2018-07-20,0.0024450570648054675
2018-07-23,0.003174791372954158
2018-07-24,0.0016403871388621484
2018-07-25,0.014879472768868623
2018-07-26,-0.0011883066230925902
2018-07-27,-0.013138529705540351
2018-07-30,-0.016087154936501796
2018-07-31,0.004154324311727187
2018-08-01,0.01600128703223512
2018-08-02,0.01575167169849097
2018-08-03,0.00435304472316563
2018-08-06,0.004324717870099219
2018-08-07,0.003054901620718908
2018-08-08,0.0028867765159210565
2018-08-09,0.00012382171283345012
2018-08-10,-0.005591552966684382
2018-08-13,0.0001543845006275234
2018-08-14,0.010871032263134458
2018-08-15,-0.006961167835127363
2018-08-16,0.004016569438679516
2018-08-17,-0.006883446810208989
2018-08-20,-0.0005038481877996581
2018-08-21,0.00347468258699455
2018-08-22,0.011602053119237619
2018-08-23,0.005138578123767175
2018-08-24,0.009211480921741125
2018-08-27,0.01012553421455847
2018-08-28,0.0022513634356117447
2018-08-29,0.012859071715161654
2018-08-30,0.0005063964572111638
2018-08-31,0.00629722817688066
2018-09-04,0.0016612478325170746
2018-09-05,-0.014319012762384365
2018-09-06,-0.0095387439534498
2018-09-07,-0.0045226523656317075
2018-09-10,0.002370329325800308
2018-09-11,0.009518102244524963
2018-09-12,-0.006261016497436136
2018-09-13,0.013022446131877282
2018-09-14,0.0028516574635350797
2018-09-17,-0.01307236777675752
2018-09-18,0.0014697623213792699
2018-09-19,-0.0020577291067579275
2018-09-20,0.0027666097295290025
2018-09-21,-0.004092741705596446
2018-09-24,0.005758864931580654
2018-09-25,0.003405153451497519
2018-09-26,-0.005169230278645055
2018-09-27,0.007174013013074227
2018-09-28,0.013234911108270728
2018-10-01,0.012552141534904481
2018-10-02,-0.0014309089235937434
2018-10-03,0.0034224590262253566
2018-10-04,-0.01818897733616489
2018-10-05,-0.015547605294665853
2018-10-08,-0.007268593585597805
2018-10-09,0.006018018591167704
2018-10-10,-0.05329340888024473
2018-10-11,-0.01935749944086176
2018-10-12,0.032562189824893374
2018-10-15,-0.022929108133112094
2018-10-16,0.029494230706516814
2018-10-17,-0.004525121445589982
2018-10-18,-0.01824778680775132
2018-10-19,-0.007042127840086374
2018-10-22,0.004846194347760009
2018-10-23,-0.01367763767263331
2018-10-24,-0.05592336746812155
2018-10-25,0.03441204983122116
2018-10-26,-0.023320885969536725
2018-10-29,-0.030010137238372425
2018-10-30,0.02700999725889275
2018-10-31,0.02586566107711165
2018-11-01,0.012850237813690397
2018-11-02,-0.02176100550564337
2018-11-05,-0.006356387216723642
2018-11-06,0.0039143213622332635
2018-11-07,0.025629670566352177
2018-11-08,-0.01108897947497718
2018-11-09,-0.012635344829776227
2018-11-12,-0.044293078958044504
2018-11-13,0.009750359155345263
2018-11-14,-0.015122608041218837
2018-11-15,0.02063962302822865
2018-11-16,-0.04618221847944154
2018-11-19,-0.05494972461107979
2018-11-20,-0.01650623709148858
2018-11-21,-0.003452390436722826
2018-11-23,-0.007703510061260263
2018-11-26,0.02898353111463742
2018-11-27,0.002971637503228589
2018-11-28,0.03434615053007752
2018-11-29,-0.008594783872233705
2018-11-30,0.011210177453872018
2018-12-03,0.024478136045486303
2018-12-04,-0.04734492251399901
2018-12-06,0.0002266371893648448
2018-12-07,-0.04262936232265575
2018-12-10,0.01573231454291895
2018-12-11,-0.005180131692923034
2018-12-12,0.0042721506373578945
2018-12-13,0.0034650416663115297
2018-12-14,-0.024857016315689255
2018-12-17,-0.019753974117981472
2018-12-18,0.011346375293006184
2018-12-19,-0.02713885527535357
2018-12-20,-0.02203657507810942
2018-12-21,-0.033753552507841914
2018-12-24,-0.02875816333661127
2018-12-26,0.0574260018816835
2018-12-27,-0.0018307892715255865
2018-12-28,0.0025285112398688997
2018-12-31,0.007225429780062319
2019-01-02,0.004477460690518062
2019-01-03,-0.05721934175103954
2019-01-04,0.04557731849790767
2019-01-07,0.01462167850817209
2019-01-08,0.00256228056795808
2019-01-09,0.013794046700035766
2019-01-10,0.004670384622734901
2019-01-11,0.0018133590016630983
2019-01-14,-0.004458302759925225
2019-01-15,0.014113084801355568
2019-01-16,0.0027950363414497754
2019-01-17,0.009910075394214145
2019-01-18,0.016999551094218836
2019-01-22,-0.02718232288999089
2019-01-23,0.004828629289379681
2019-01-24,0.01086838096694537
2019-01-25,0.01616175450842216
2019-01-28,-0.04635151159534763
2019-01-29,-0.019970353073411003
2019-01-30,0.03943376727638858
2019-01-31,0.010667952384471656
2019-02-01,-0.0020423980612768026
2019-02-04,0.02342383071936501
2019-02-05,0.01004908073269462
2019-02-06,0.0019999898468571037
2019-02-07,-0.018261251769702978
2019-02-08,0.002815474189304705
2019-02-11,-0.005217912907265745
2019-02-12,0.017135112990237997
2019-02-13,0.0023944230263027305
2019-02-14,0.0032483607526328346
2019-02-15,0.009726011519433673
2019-02-19,-5.08978392359778e-05
2019-02-20,0.003833745599114569
2019-02-21,-0.0015083578362598913
2019-02-22,0.013289969555242405
2019-02-25,0.0027610510586920304
2019-02-26,-0.0008337922493408677
2019-02-27,-0.0024612545683091493
2019-02-28,-0.004848746444032604
2019-03-01,0.00880766474413889
2019-03-04,0.00026945430183380786
2019-03-05,-0.0024607278182183015
2019-03-06,-0.01009323194644135
2019-03-07,-0.012701913093045213
2019-03-08,0.002665423736325173
2019-03-11,0.03415238467283482
2019-03-12,0.007610568780317667
2019-03-13,0.01389279956990381
2019-03-14,-0.0017782526713908937
2019-03-15,0.013663156864469532
2019-03-18,0.005729660922380593
2019-03-19,0.008051025203580786
2019-03-20,-0.0007257351578558752
2019-03-21,0.030843084292859962
2019-03-22,-0.02568009781590214
2019-03-25,-0.007224973081473942
2019-03-26,0.004197132250031675
2019-03-27,-0.0020246179036977913
2019-03-28,0.0026796168812350104
2019-03-29,0.008582755679009286
2019-04-01,0.010676917974862931
2019-04-02,0.005072762116164118
2019-04-03,0.011293834760189742
2019-04-04,-0.0006546762722372207
2019-04-05,0.0075295252706877175
2019-04-08,0.005274728376111952
2019-04-09,-0.006713833312167567
2019-04-10,0.007874507023034024
2019-04-11,-0.0025980061852108275
2019-04-12,0.0008650605387138044
2019-04-15,-0.006590943018212123
2019-04-16,0.004316243766755434
2019-04-17,0.005045648983835948
2019-04-18,0.0033271906748694327
2019-04-22,0.004719740863495008
2019-04-23,0.012090158576538838
2019-04-24,-0.0011450398055002768
2019-04-25,7.80947058486147e-05
2019-04-26,-0.010691111935198767
2019-04-29,0.0022743902637943967
2019-04-30,-0.0008222325339820244
2019-05-01,0.0040986041457272086
2019-05-02,-0.0017190831577484473
2019-05-03,0.010550333064561056
2019-05-06,-0.010735005760787338
2019-05-07,-0.02577498557785432
2019-05-08,0.0008489471200809993
2019-05-09,-0.008898169271737776
2019-05-10,-0.0010293977715375427
2019-05-13,-0.044726431678453776
2019-05-14,0.014559664936446084
2019-05-15,0.004108609746808661
2019-05-16,0.00786336087451241
2019-05-17,-0.010497439860534943
2019-05-20,-0.020991625311449005
2019-05-21,0.013728780888977185
2019-05-22,-0.009081849841531025
2019-05-23,-0.018459708515691706
2019-05-24,-0.00398649944156219
2019-05-28,-0.006684830765808541
2019-05-29,-0.01057828054684965
2019-05-30,0.0016353991417872873
2019-05-31,-0.018719059496224613
2019-06-03,-0.014181888606713218
2019-06-04,0.03784494733079688
2019-06-05,0.008496394006142383
2019-06-06,0.013572314603486565
2019-06-07,0.01893505520807974
2019-06-10,0.011576338833432568
2019-06-11,0.00575056503648484
2019-06-12,-0.010057587664708007
2019-06-13,0.006049196332625965
2019-06-14,-0.00803298104902668
2019-06-17,0.0030090632312478266
2019-06-18,0.025903659401953667
2019-06-19,0.0012025192802476324
2019-06-20,0.00828370785203716
2019-06-21,-0.00500628011443303
2019-06-24,0.0023943776345654475
2019-06-25,-0.01624264612475106
2019-06-26,0.018556303318593505
2019-06-27,0.007375677545904985
2019-06-28,0.00016745799665058604
2019-07-01,0.012928151972588847
2019-07-02,-0.002236577293142813
2019-07-03,0.00645988375524351
2019-07-05,-0.00513487131279773
2019-07-08,-0.011524263922336523
2019-07-09,0.0010761899844105188
2019-07-10,0.010518179987631007
2019-07-11,0.009284673879256727
2019-07-12,0.005923092005425561
2019-07-15,0.0019134135682760834
2019-07-16,-0.005255628282059247
2019-07-17,-0.0006939507014847128
2019-07-18,0.004703950588546854
2019-07-19,-0.007355738868975341
2019-07-22,0.013791418493053396
2019-07-23,0.011530492961233917
2019-07-24,0.007755608329524865
2019-07-25,-0.011624804142317514
2019-07-26,0.007004944439576939
2019-07-29,0.0009616903481751344
2019-07-30,-0.001998652801381757
2019-07-31,-0.014854135979451434
2019-08-01,-0.0100881287390054
2019-08-02,-0.01506431404447683
2019-08-05,-0.04646444901971387
2019-08-06,0.01538906732788163
2019-08-07,0.006330170571955703
2019-08-08,0.02389578725544983
2019-08-09,-0.012439961332980597
2019-08-12,-0.011673655635107002
2019-08-13,0.026827812279127415
2019-08-14,-0.032470511554061623
2019-08-15,-0.0033244355403666253
2019-08-16,0.031536929111021725
2019-08-19,0.02875363585462486
2019-08-20,-0.008293642225033567
2019-08-21,0.012446570624364644
2019-08-22,-0.0017500116644581405
2019-08-23,-0.03997128550610389
2019-08-26,0.015876263431468945
2019-08-27,-0.008862168063096365
2019-08-28,0.002443959030573762
2019-08-29,0.020853590776300293
2019-08-30,-0.00014288613586833346
2019-09-03,-0.013491243616419513
2019-09-04,0.01682631514670884
2019-09-05,0.028150297110292356
2019-09-06,-0.0030529398862437322
2019-09-09,0.0009100622613383651
2019-09-10,0.003930317577653598
2019-09-11,0.011234511583375531
2019-09-12,0.00278153193456924
2019-09-13,-0.008622650778470109
2019-09-16,-0.0036599248563461226
2019-09-17,0.004666601599364368
2019-09-18,0.003021652295281307
2019-09-19,-0.0017545666853469068
2019-09-20,-0.013849138838574507
2019-09-23,0.0036302971052188933
2019-09-24,-0.009668444059588579
2019-09-25,0.01699578571577516
2019-09-26,-0.002742916254011475
2019-09-27,-0.013826548170486331
2019-09-30,0.012660808910796727
2019-10-01,-0.005950329202650307
2019-10-02,-0.016639146825707753
2019-10-03,0.018834195808311843
2019-10-04,0.014533133739509738
2019-10-07,0.00037899542757781736
2019-10-08,-0.019335239224185646
2019-10-09,0.014828767591374206
2019-10-10,0.009771700671901678
2019-10-11,0.01419200498822561
2019-10-14,-0.00014664613634546764
2019-10-15,0.018324337926940354
2019-10-16,-0.0062352452535053456
2019-10-17,0.0005226436171339712
2019-10-18,-0.008951092218387642
2019-10-21,0.014978035442012254
2019-10-22,-0.005649194342418838
2019-10-23,0.004983109162667125
2019-10-24,0.007947576335434367
2019-10-25,0.015056905407018702
2019-10-28,0.012704267741502483
2019-10-29,-0.013016245524062452
2019-10-30,0.003929617659385495
2019-10-31,0.0003194146470304419
2019-11-01,0.011856314100612914
2019-11-04,0.01365377201295682
2019-11-05,-0.001851144409619648
2019-11-06,-0.002902103005901579
2019-11-07,0.004946727990757525
2019-11-08,0.003555085047136358
2019-11-11,0.0022315626771942276
2019-11-12,0.0036463192263163054
2019-11-13,0.001628922768201299
2019-11-14,0.001355422441612359
2019-11-15,0.0011954332930873119
2019-11-18,0.011771319365122846
2019-11-19,-0.005852349137209803
2019-11-20,-0.0004878092777315284
2019-11-21,-0.0029463482339725077
2019-11-22,0.001362736450785179
2019-11-25,0.020945381437945082
2019-11-26,-0.004878695769531018
2019-11-27,0.006532824884321027
2019-11-29,-0.004752053054873095
2019-12-02,-0.0168728499644568
2019-12-03,-0.008488535770636385
2019-12-04,0.006747236593445494
2019-12-05,0.0034104722354732836
2019-12-06,0.014147306032489248
2019-12-09,-0.004955358103623013
2019-12-10,0.0029214253272150928
2019-12-11,0.007668206191855209
2019-12-12,0.012930717985926292
2019-12-13,0.005531527655042976
2019-12-16,0.008858942152112501
2019-12-17,0.002654234279639879
2019-12-18,0.00023231871640671435
2019-12-19,0.009832239917668913
2019-12-20,0.007407234963913871
2019-12-23,0.003853176042586594
2019-12-24,-1.1735422357016408e-05
2019-12-26,0.008876063606902414
2019-12-27,-0.002137129266433279
2019-12-30,-0.006915459237419104
2019-12-31,0.005787449441940236
2020-01-02,0.017404359367346196
2020-01-03,-0.01150898405946094
2020-01-06,0.004627690340170645
2020-01-07,-0.001163918267574252
2020-01-08,0.009737559942335685
2020-01-09,0.012778633055006997
2020-01-10,1.8475648339523996e-05
2020-01-13,0.01770421941346821
2020-01-14,-0.010254605039472496
2020-01-15,-0.0006301281862060547
2020-01-16,0.013119842503621422
2020-01-17,0.005275833084316353
2020-01-21,-0.004436572151430484
2020-01-22,0.0018952938801136136
2020-01-23,0.00575568868637818
2020-01-24,-0.007850901424669168
2020-01-27,-0.026194458663336622
2020-01-28,0.022391011799431086
2020-01-29,0.006378468991704271
2020-01-30,0.007676495832099166
2020-01-31,-0.029363029930878186
2020-02-03,0.011274785672299078
2020-02-04,0.02697357317737753
2020-02-05,0.00824077442290981
2020-02-06,0.012332956503918819
2020-02-07,-0.007033048033999806
2020-02-10,0.020558804374153958
2020-02-11,-0.0021543474858746973
2020-02-12,0.012140908721040886
2020-02-13,-0.005030396648924067
2020-02-14,0.019646171621268534
2020-02-18,0.003039572585534744
2020-02-19,0.020369942875196025
2020-02-20,-0.012266821034587826
2020-02-21,-0.028480522985536876
2020-02-24,-0.04994675584633719
2020-02-25,-0.03095784356110172
2020-02-26,0.011404100797172991
2020-02-27,-0.060973300675397024
2020-02-28,0.02150060041497455
2020-03-02,0.05477738072313496
2020-03-03,-0.037326435144879475
2020-03-04,0.047564378322081234
2020-03-05,-0.03310793430576484
2020-03-06,-0.02140002516383406
2020-03-09,-0.07861993042955744
2020-03-10,0.06197945203358951
2020-03-11,-0.04731770984888661
2020-03-12,-0.1086790042957145
2020-03-13,0.10888350223289445
2020-03-16,-0.1542568506693545
2020-03-17,0.06893140861090383
2020-03-18,-0.04714348907555687
2020-03-19,0.01489570312797361
2020-03-20,-0.045603126104796436
2020-03-23,-0.006056104018491225
2020-03-24,0.1069189843695725
2020-03-25,-0.003668397705719581
2020-03-26,0.05373256371452823
2020-03-27,-0.03303432281322542
2020-03-30,0.044426674848896536
2020-03-31,-0.010108349895270279
2020-04-01,-0.05433460985402536
2020-04-02,0.027403771642204283
2020-04-03,-0.021148464258332236
2020-04-06,0.07901452088872467
2020-04-07,-0.014248606861093204
2020-04-08,0.02459725954909671
2020-04-09,0.0018138815455919013
2020-04-13,0.009601655602282643
2020-04-14,0.044391318482248365
2020-04-15,-0.013048128785733606
2020-04-16,0.022619743270581024
2020-04-17,0.0034148041900603898
2020-04-20,-0.01924072187408049
2020-04-21,-0.041879865279961126
2020-04-22,0.035915010370307775
2020-04-23,-0.005909307979710439
2020-04-24,0.019963408672887317
2020-04-27,0.009422308214435009
2020-04-28,-0.016263909865713577
2020-04-29,0.031532761508879514
2020-04-30,0.0001453069631054669
2020-05-01,-0.02558400856465374
2020-05-04,0.01765481046461681
2020-05-05,0.010787175621652535
2020-05-06,0.006739045509605831
2020-05-07,0.01289329667533447
2020-05-08,0.017629392860526547
2020-05-11,0.014695369841734814
2020-05-12,-0.021922798592986854
2020-05-13,-0.012029341523209608
2020-05-14,0.013510345775642231
2020-05-15,0.017212374046929296
2020-05-18,0.023226946358361374
2020-05-19,-0.004192959627259376
2020-05-20,0.017097865627271582
2020-05-21,-0.01211140920323778
2020-05-22,0.009238306477711098
2020-05-26,-0.00998885263797712
2020-05-27,-0.00047267765451510305
2020-05-28,-0.002040269945165942
2020-05-29,0.014594427547320502
2020-06-01,0.0015321258929761237
2020-06-02,0.006583049463969403
2020-06-03,0.0037011435250428777
2020-06-04,-0.006104089542291502
2020-06-05,0.023468997619372427
2020-06-08,0.0027778469531629614
2020-06-09,0.014555939762535247
2020-06-10,0.022767657487316642
2020-06-11,-0.056653324738067265
2020-06-12,0.01093305339662096
2020-06-15,0.013651344819611225
2020-06-16,0.014472960721513654
2020-06-17,0.004050494727939129
2020-06-18,0.0023711132580256653
2020-06-19,-0.0031897872560284037
2020-06-22,0.02197039737222394
2020-06-23,0.006070810262168467
2020-06-24,-0.021743318973094145
2020-06-25,0.015898221353578018
2020-06-26,-0.027850673212121903
2020-06-29,0.013242201923253018
2020-06-30,0.01953017975982313
2020-07-01,0.0035768773441961794
2020-07-02,0.00541926522107875
2020-07-06,0.021589284752823394
2020-07-07,-0.005468394288809088
2020-07-08,0.021668829887531296
2020-07-09,0.00845875261263141
2020-07-10,0.0015086346313590597
2020-07-13,-0.02157425548006231
2020-07-14,0.016811593709300403
2020-07-15,-6.44254045465819e-06
2020-07-16,-0.01119209603846239
2020-07-17,0.0005809025536326492
2020-07-20,0.02521276611682005
2020-07-21,-0.010706087485285384
2020-07-22,0.008342010631491866
2020-07-23,-0.0332763696572111
2020-07-24,-0.002177624779100256
2020-07-27,0.016325160128362815
2020-07-28,-0.012977378262474318
2020-07-29,0.016358915175937704
2020-07-30,0.005439745096198032
2020-07-31,0.028233561538611243
2020-08-03,0.030778132245010602
2020-08-04,0.003737473701780278
2020-08-05,0.003352126808960412
2020-08-06,0.015288524758740532
2020-08-07,-0.013100256140006445
2020-08-10,-0.0014446917654825833
2020-08-11,-0.022690419654215414
2020-08-12,0.03191983679353653
2020-08-13,0.0034070702444012543
2020-08-14,0.002653696931570988
2020-08-17,0.017961910864911577
2020-08-18,0.002498507879089752
2020-08-19,-0.004756030791684099
2020-08-20,0.012066496602382785
2020-08-21,0.02255186457936929
2020-08-24,0.007001116416594581
2020-08-25,0.002629300226379334
2020-08-26,0.011668708910900804
2020-08-27,0.0007543490096784634
2020-08-28,0.013840611238456221
2020-08-31,0.007986096805518594
2020-09-01,0.022314632789961576
2020-09-02,0.012457301161625533
2020-09-03,-0.06994536841573926
2020-09-04,-0.013082944858824448
2020-09-08,-0.05270850626283932
2020-09-09,0.04138014854710047
2020-09-10,-0.027838413720901307
2020-09-11,-0.007821266435495196
2020-09-14,0.026484230562096207
2020-09-15,0.008013715252702551
2020-09-16,-0.0223326969654505
2020-09-17,-0.009875231442421101
2020-09-18,-0.019640304715578337
2020-09-21,0.013977129645008385
2020-09-22,0.014778966091529466
2020-09-23,-0.03533012601106758
2020-09-24,0.01102121980386387
2020-09-25,0.029273485361204655
2020-09-28,0.015068585838500969
2020-09-29,-0.002248379522823205
2020-09-30,0.015000352420787974
2020-10-01,0.007772737842612913
2020-10-02,-0.028429232711847486
2020-10-05,0.027871155598762517
2020-10-06,-0.014503962629723675
2020-10-07,0.01734155602822792
2020-10-08,0.0006063623496351052
2020-10-09,0.011290522433481751
2020-10-12,0.03405569155542351
2020-10-13,-0.006324378950876695
2020-10-14,-0.00634281768238158
2020-10-15,-0.004894783614969666
2020-10-16,-0.00652851396463562
2020-10-19,-0.022312497470998602
2020-10-20,0.007498812448288194
2020-10-21,-0.0038865493664926604
2020-10-22,-0.00398045527786906
2020-10-23,0.00511652463077992
2020-10-26,-0.020254214510344253
2020-10-27,0.01104049041408429
2020-10-28,-0.04805183885819106
2020-10-29,0.021866044860256197
2020-10-30,-0.029381990305806974
2020-11-02,0.003337485235014744
2020-11-03,0.02177010695893685
2020-11-04,0.04176319127083074
2020-11-05,0.027937912913126934
2020-11-06,0.007138199314668751
2020-11-09,-0.024470636094821724
2020-11-10,-0.026021824175238982
2020-11-11,0.028179118232956327
2020-11-12,-0.003587381121619255
2020-11-13,0.0017951276722280502
2020-11-16,0.010172076692753638
2020-11-17,-0.008181223356180628
2020-11-18,-0.009087837852720153
2020-11-19,0.004135168435164977
2020-11-20,-0.013517273073981264
2020-11-23,-0.0053911941643059146
2020-11-24,0.00780900217078839
2020-11-25,0.006773786084829991
2020-11-27,0.0039837882152952446
2020-11-30,0.005389907657110596
2020-12-01,0.012582091277022166
2020-12-02,0.0031524439321248413
2020-12-03,-0.004349985348623048
2020-12-04,0.003887823303996523
2020-12-07,0.003345669575546507
2020-12-08,-0.0007638359105918775
2020-12-09,-0.02043126393033739
2020-12-10,0.0021832481777116853
2020-12-11,0.0020389694203257723
2020-12-14,0.00430116309102287
2020-12-15,0.016464754935748446
2020-12-16,0.00397887274814656
2020-12-17,0.00514582897922595
2020-12-18,-0.007243150491914187
2020-12-21,0.007850023809663209
2020-12-22,0.007092125482946406
2020-12-23,-0.009923518046468086
2020-12-24,0.004542661355240816
2020-12-28,0.011581499394785411
2020-12-29,-0.003893499818204837
2020-12-30,-0.0006735138495804708
2020-12-31,-0.0015647113911851172
2021-01-04,-0.013940576903498618
2021-01-05,0.010520761869130967
2021-01-06,-0.028828519228301708
2021-01-07,0.033145362112865256
2021-01-08,0.0038244937732294566
2021-01-11,-0.0035994463758745243
2021-01-12,-0.005779028326397349
2021-01-13,0.007201099910367943
2021-01-14,-0.014754762771129672
2021-01-15,-0.012259180447468857
2021-01-19,0.010926658890425902
2021-01-20,0.026931678361468318
2021-01-21,0.0191425402612183
2021-01-22,0.0013767749930451226
2021-01-25,0.010658302453735443
2021-01-26,-0.0009637512319983586
2021-01-27,-0.017321637753474846
2021-01-28,0.0021939370521379
2021-01-29,-0.02316797404677573
2021-02-01,0.021090955583024765
2021-02-02,0.01091048129216244
2021-02-03,0.001376351176732747
2021-02-04,0.010621868972652874
2021-02-05,-0.0009413778482368362
2021-02-08,0.017478647724873002
2021-02-09,-0.0035359149763094875
2021-02-10,0.0064034609529425544
2021-02-11,0.009741179907335567
2021-02-12,-0.0026049208548821366
2021-02-16,0.0004958541871313451
2021-02-17,-0.010321505912566314
2021-02-18,-0.004949582868078737
2021-02-19,-0.0014042073922963833
2021-02-22,-0.026033736101036993
2021-02-23,-0.005050205732551609
2021-02-24,0.009325333280054556
2021-02-25,-0.042383842269078306
2021-02-26,0.010471209098402497
2021-03-01,0.026267879550923065
2021-03-02,-0.01848981454778787
2021-03-03,-0.027837673763102047
2021-03-04,-0.0166415276344511
2021-03-05,0.01437792454137317
2021-03-08,-0.034531069175093236
2021-03-09,0.03975144442372302
2021-03-10,-0.003249938153027077
2021-03-11,0.021945382909975154
2021-03-12,-0.005695933029975351
2021-03-15,0.012963988287817646
2021-03-16,0.007806916478270039
2021-03-17,-0.0005338175110028183
2021-03-18,-0.030915622734985104
2021-03-19,0.00042334058279721405
2021-03-22,0.021561575376430824
2021-03-23,-0.004224280388851765
2021-03-24,-0.016882265801727355
2021-03-25,-0.003033394723471318
2021-03-26,0.01568462175900464
2021-03-29,0.0010438748866268184
2021-03-30,-0.008862125977244409
2021-03-31,0.01893830884444086
2021-04-01,0.01983411746215944
2021-04-05,0.019387478063151192
2021-04-06,-0.0030125643374804647
2021-04-07,0.010698766286016004
2021-04-08,0.012323957964901234
2021-04-09,0.010821875190529438
2021-04-12,0.01048421966101107
2021-04-13,0.016868193288515645
2021-04-14,-0.01468082666520832
2021-04-15,0.02479604251382061
2021-04-16,-0.0021130851899474126
2021-04-19,-0.010698506144812858
2021-04-20,-0.008649193907938134
2021-04-21,0.008420817691821646
2021-04-22,-0.016971057748873218
2021-04-23,0.017895420424188863
2021-04-26,0.0051075276779696845
2021-04-27,-0.0018253827791727627
2021-04-28,-0.010469019532806415
2021-04-29,0.0001638152558045506
2021-04-30,-0.010983716608635579
2021-05-03,-0.0006273667725223344
2021-05-04,-0.022944349311525093
2021-05-05,0.0010926452245151714
2021-05-06,0.009566515831044498
2021-05-07,0.010789697731446304
2021-05-10,-0.023706038910434674
2021-05-11,-0.004354634405422592
2021-05-12,-0.02889279752008056
2021-05-13,0.00990563953346654
2021-05-14,0.024286782425232113
2021-05-17,-0.007336609872720343
2021-05-18,-0.009798043946645556
2021-05-19,0.0005310827604489603
2021-05-20,0.020838962125775795
2021-05-21,0.0011492137613312305
2021-05-24,0.02163325958694496
2021-05-25,0.000558124482802079
2021-05-26,0.0010020042060097131
2021-05-27,-0.008557624611431617
2021-05-28,0.011399161349210988
2021-06-01,-0.0028691861491705853
2021-06-02,0.009630741621458286
2021-06-03,-0.0027621140086945724
2021-06-04,0.02091046579364902
2021-06-07,0.0033485657991449225
2021-06-08,-0.0018179553533007816
2021-06-09,4.150256747249381e-05
2021-06-10,0.00367763531386897
2021-06-11,0.009167548817769858
2021-06-14,0.011259809344186347
2021-06-15,-0.006764987583408424
2021-06-16,-0.0010626464662184777
2021-06-17,0.018058454875929678
2021-06-18,-0.0075917958935762106
2021-06-21,0.007266800903098205
2021-06-22,0.013371689590206142
2021-06-23,0.001196157363696957
2021-06-24,0.004203595454478317
2021-06-25,-0.003528636405839859
2021-06-28,0.019314855050844876
2021-06-29,0.0059958158252996305
2021-06-30,0.0005990527339157733
2021-07-01,0.005195513894534462
2021-07-02,0.0156416060607086
2021-07-06,0.0057737080588767765
2021-07-07,0.0033884575051983815
2021-07-08,-0.012430426259154158
2021-07-09,0.00821121525850307
2021-07-12,0.004980686731121391
2021-07-13,0.0011687113777241356
2021-07-14,0.002589366748277107
2021-07-15,-0.01457270304981624
2021-07-16,-0.0166079988600156
2021-07-19,-0.0055174193594116055
2021-07-20,0.009800760881130535
2021-07-21,0.013079999577107586
2021-07-22,0.009453367445961092
2021-07-23,0.008143863968878007
2021-07-26,-0.0025978629942932947
2021-07-27,-0.008192204255177582
2021-07-28,0.00036070864034602285
2021-07-29,0.004444537593009747
2021-07-30,-0.0043121457995282724
2021-08-02,0.0020100834783835725
2021-08-03,0.007999027862279528
2021-08-04,0.003264073945974201
2021-08-05,0.008814434932808838
2021-08-06,-0.004138271728545251
2021-08-09,-0.0021399251583764465
2021-08-10,-0.0066351289095337804
2021-08-11,-0.0014786349946443221
2021-08-12,0.010968552632200552
2021-08-13,0.006944900097886432
2021-08-16,0.0024769256962831245
2021-08-17,-0.010723390672857179
2021-08-18,-0.016172784031861145
2021-08-19,0.015867163258102158
2021-08-20,0.02335646136491499
2021-08-23,0.01833128336414179
2021-08-24,-0.0033111017412402618
2021-08-25,0.0026777697404816907
2021-08-26,-0.006931931642595385
2021-08-27,0.01089421319765842
2021-08-30,0.012368933853126363
2021-08-31,-0.007215124534904386
2021-09-01,0.0018332214169809679
2021-09-02,0.0015639486274123243
2021-09-03,0.005927150661906846
2021-09-07,0.00015996850375997636
2021-09-08,-0.006402241900595844
2021-09-09,-0.007051010523759468
2021-09-10,-0.008322738097421511
2021-09-13,-0.0009620673221062007
2021-09-14,-0.00039510653509822755
2021-09-15,0.00888069750922542
2021-09-16,-0.001582018751618294
2021-09-17,-0.015371609018030002
2021-09-20,-0.023438461084849857
2021-09-21,0.002613474035876027
2021-09-22,0.017842082172289518
2021-09-23,0.011602041725237208
2021-09-24,-0.004109953961618081
2021-09-27,-0.012544346809128873
2021-09-28,-0.031676012935051116
2021-09-29,0.0002510840424620733
2021-09-30,-0.004837987509350619
2021-10-01,0.01157809179939834
2021-10-04,-0.027187398170737884
2021-10-05,0.019990198042374372
2021-10-06,0.009372216505064972
2021-10-07,0.010381120688388586
2021-10-08,-0.004048947577071541
2021-10-11,-0.004137778821645931
2021-10-12,-0.004342141788662338
2021-10-13,0.005966773580329252
2021-10-14,0.02400549217755263
2021-10-15,0.006300595733241482
2021-10-18,0.01027495895844087
2021-10-19,0.007190542365623539
2021-10-20,-0.0009531926460655918
2021-10-21,0.01030379157617482
2021-10-22,-0.0025001588525208197
2021-10-25,0.0052128315089871894
2021-10-26,0.01916864045230914
2021-10-27,0.0057097260862406405
2021-10-28,0.014443353863631972
2021-10-29,0.007665208330642583
2021-11-01,-0.00014864773774885746
2021-11-02,0.011114592020320977
2021-11-03,0.006470008451238851
2021-11-04,0.030545251696523015
2021-11-05,0.0010660020453262318
2021-11-08,0.008199287231412259
2021-11-09,-0.002182149075450337
2021-11-10,-0.02068417299200447
2021-11-11,0.009003676395561567
2021-11-12,0.008644043934505706
2021-11-15,-0.0034015834576432225
2021-11-16,0.006672287443341816
2021-11-17,-0.00427086965685282
2021-11-18,0.0292796887321774
2021-11-19,0.01523651916364462
2021-11-22,-0.010298660514866501
2021-11-23,-0.0022988645399505576
2021-11-24,0.008859513822660791
2021-11-26,-0.02897517651170442
2021-11-29,0.028111579531466462
2021-11-30,-0.006965449992254601
2021-12-01,-0.013630333264079341
2021-12-02,0.007251551459603175
2021-12-03,-0.02150664842691265
2021-12-06,0.0053100956050126736
2021-12-07,0.039569835722631494
2021-12-08,0.0016534019361098757
2021-12-09,-0.014558067050348808
2021-12-10,0.013830239494902806
2021-12-13,-0.027209046622540995
2021-12-14,-0.010464625688449813
2021-12-15,0.033715701873814445
2021-12-16,-0.03723261816454234
2021-12-17,-0.010368450280322142
2021-12-20,-0.008471498843840786
2021-12-21,0.026769507592104107
2021-12-22,0.0135409656673629
2021-12-23,0.0056078677751751375
2021-12-27,0.02569389249440989
2021-12-28,-0.007612455867262851
2021-12-29,-0.0017033132854106588
2021-12-30,-0.007754631423639283
2021-12-31,-0.005219538615317297
2022-01-03,0.012411265935673512
2022-01-04,-0.014595031799091726
2022-01-05,-0.03619472230309638
2022-01-06,-0.0012816484500617117
2022-01-07,-0.009015503552738014
2022-01-10,0.0013007175746515248
2022-01-11,0.010768199657065835
2022-01-12,0.005544752055379421
2022-01-13,-0.03213203267693073
2022-01-14,0.009195968127574637
2022-01-18,-0.025227809498049515
2022-01-19,-0.01556229973646455
2022-01-20,-0.016129515539970683
2022-01-21,-0.020993598771810947
2022-01-24,0.0001060308914387876
2022-01-25,-0.024139675876536735
2022-01-26,0.01122212411677359
2022-01-27,-0.008610438449620188
2022-01-28,0.03992433674338217
2022-01-31,0.030503591588223862
2022-02-01,0.0011961542552102065
2022-02-02,0.014003433096743824
2022-02-03,-0.0332505834604928
2022-02-04,0.008457998016126705
2022-02-07,-0.0018061897449675292
2022-02-08,0.013416740155147901
2022-02-09,0.026513396169515806
2022-02-10,-0.026085195729673757
2022-02-11,-0.03507304489750845
2022-02-14,0.0028006572465004357
2022-02-15,0.03627450127728784
2022-02-16,-0.00020849555174313694
2022-02-17,-0.03785289430275133
2022-02-18,-0.015376936570066987
2022-02-22,-0.010052080277254901
2022-02-23,-0.028541281586538483
2022-02-24,0.03508218527613013
2022-02-25,0.015243179283143745
2022-02-28,0.003358633170478639
2022-03-01,-0.019481470430741082
2022-03-02,0.021886551404349995
2022-03-03,-0.010603435707683673
2022-03-04,-0.020196652966750873
2022-03-07,-0.040999237973276856
2022-03-08,-0.005707273273234488
2022-03-09,0.04327331894241534
2022-03-10,-0.014453883390512751
2022-03-11,-0.02036221627891832
2022-03-14,-0.020691460611101296
2022-03-15,0.040803389355364664
2022-03-16,0.034906398623664917
2022-03-17,0.00816092436832554
2022-03-18,0.028747059247193976
2022-03-21,0.00363487594459992
2022-03-22,0.010145247494346556
2022-03-23,-0.013509192692124972
2022-03-24,0.03657247223339832
2022-03-25,-0.0022968262350964563
2022-03-28,0.013454332490185076
2022-03-29,0.015415411228415318
2022-03-30,-0.013020895673328111
2022-03-31,-0.016496417172658318
2022-04-01,-0.004139094862890592
2022-04-04,0.018423546758741173
2022-04-05,-0.024637192298837714
2022-04-06,-0.03163363790395054
2022-04-07,0.001216496065658932
2022-04-08,-0.018848344454366804
2022-04-11,-0.0341774740727845
2022-04-12,-0.005639851817360483
2022-04-13,0.01977697008851855
2022-04-14,-0.028482246532297816
2022-04-18,0.006484618287049289
2022-04-19,0.016449651079389338
2022-04-20,-0.007708989880956382
2022-04-21,-0.025467040503776205
2022-04-22,-0.028534019167063555
2022-04-25,0.014063131782116616
2022-04-26,-0.04078858408671421
2022-04-27,0.007068713425848973
2022-04-28,0.040774520670258024
2022-04-29,-0.04553073469480026
2022-05-02,0.021124504462654226
2022-05-03,0.0020438516140206175
2022-05-04,0.033884198256475824
2022-05-05,-0.05353754810727043
2022-05-06,-0.004942869815508236
2022-05-09,-0.05021400336007242
2022-05-10,0.018515747680817363
2022-05-11,-0.03985685825571468
2022-05-12,-0.019051981316477982
2022-05-13,0.04195653378822849
2022-05-16,-0.009655283263630915
2022-05-17,0.02928492720003174
2022-05-18,-0.054103908097154756
2022-05-19,-0.005969797287273098
2022-05-20,-0.006385721095753942
2022-05-23,0.02538698944205895
2022-05-24,-0.01901325861831657
2022-05-25,0.01765435210371849
2022-05-26,0.026457441626751003
2022-05-27,0.03595332306183249
2022-05-31,-0.005857573102595097
2022-06-01,-0.006501496995482747
2022-06-02,0.027640306719591633
2022-06-03,-0.029535349745032424
2022-06-06,0.0017646153791470805
2022-06-07,0.012065527734632524
2022-06-08,-0.009568388587897554
2022-06-09,-0.028598594420411974
2022-06-10,-0.043939501371742275
2022-06-13,-0.050621710432985995
2022-06-14,0.006200476508851998
2022-06-15,0.02651969686411414
2022-06-16,-0.039778990874410614
2022-06-17,0.010556630524162447
2022-06-21,0.030920833699702416
2022-06-22,-0.005142242164895783
2022-06-23,0.011299196248688399
2022-06-24,0.035786202237740046
2022-06-27,-0.0073748022242174395
2022-06-28,-0.034291381196945664
2022-06-29,-0.00029043379030114537
2022-06-30,-0.016141959619350253
2022-07-01,-0.0014136243726961826
2022-07-05,0.015768198158336532
2022-07-06,0.009166879875284702
2022-07-07,0.023442306169750283
2022-07-08,-3.545469476266708e-05
2022-07-11,-0.02061877479720655
2022-07-12,-0.012138405994731271
2022-07-13,-0.0015337991450625654
2022-07-14,0.009208616614905718
2022-07-15,0.016425271897912735
2022-07-18,-0.004384695331705118
2022-07-19,0.031861703705477945
2022-07-20,0.019281047460023595
2022-07-21,0.01210453969444792
2022-07-22,-0.018966760468566133
2022-07-25,-0.0073214149927914255
2022-07-26,-0.019293124819005913
2022-07-27,0.049321749967256384
2022-07-28,0.013754266788152905
2022-07-29,0.018046997064605243
2022-08-01,-0.0009300844391003159
2022-08-02,-0.00572301741461121
2022-08-03,0.025036306845872512
2022-08-04,0.0046163051703992965
2022-08-05,-0.004381490139199532
2022-08-08,-0.019580103161981124
2022-08-09,-0.00929582019246894
2022-08-10,0.03203516057143886
2022-08-11,-0.005117889501935921
2022-08-12,0.02418514967620334
2022-08-15,0.008218166490964577
2022-08-16,-0.0024079759906192803
2022-08-17,-0.007563706568439433
2022-08-18,0.0050651492257798485
2022-08-19,-0.02329237944337359
2022-08-22,-0.030217978604515337
2022-08-23,-0.00014703797444480743
2022-08-24,0.0012544546327192417
2022-08-25,0.0198011770526323
2022-08-26,-0.052258380222350534
2022-08-29,-0.014944816817214789
2022-08-30,-0.014079883519786444
2022-08-31,-0.012131620437637831
2022-09-01,-0.019005543035414827
2022-09-02,-0.015534936925427211
2022-09-06,-0.009122441970642926
2022-09-07,0.016142177881404353
2022-09-08,0.0046101624714043315
2022-09-09,0.02119485167980385
2022-09-12,0.016222773599387053
2022-09-13,-0.06524823663066481
2022-09-14,0.003500601227838217
2022-09-15,-0.01832442613114496
2022-09-16,-0.0001745095835788699
2022-09-19,0.011361034565885195
2022-09-20,-0.005003928086653569
2022-09-21,-0.011546153997319834
2022-09-22,-0.01515049087580414
2022-09-23,-0.012126100039431965
2022-09-26,-0.008235240926720004
2022-09-27,0.0036537787173744145
2022-09-28,0.012990249938673504
2022-09-29,-0.03193874217592254
2022-09-30,-0.018073265762191728
2022-10-03,0.02993025960949308
2022-10-04,0.0350239290870495
2022-10-05,0.0010474538821698492
2022-10-06,-0.008183574376491433
2022-10-07,-0.05039275329264872
2022-10-10,-0.01526090788393117
2022-10-11,-0.010194240570931445
2022-10-12,-0.003465695467338603
2022-10-13,0.033811977955473554
2022-10-14,-0.03590432357066143
2022-10-17,0.037445423337611916
2022-10-18,0.007936447407111996
2022-10-19,-0.0019644218637070417
2022-10-20,-0.0003233376956131525
2022-10-21,0.0244344467755774
2022-10-24,0.014608844038284245
2022-10-25,0.02497573269122612
2022-10-26,-0.03389766930150716
2022-10-27,-0.008691817332247477
2022-10-28,0.04612778006268607
2022-10-31,-0.015856202441101398
2022-11-01,-0.008972044101353424
2022-11-02,-0.030914657447270035
2022-11-03,-0.01636335989130937
2022-11-04,0.024610396142584826
2022-11-07,0.013113747350815604
2022-11-08,0.008688781602331398
2022-11-09,-0.03300873563551418
2022-11-10,0.0879262730562437
2022-11-11,0.02038812565249263
2022-11-14,-0.010698342651805946
2022-11-15,0.01113542281803904
2022-11-16,-0.015156247514715478
2022-11-17,-0.0012841885776897974
2022-11-18,-0.002710803873497021
2022-11-21,-0.007028748324106022
2022-11-22,0.021539009612463845
2022-11-23,0.013023602103412855
2022-11-25,-0.008890931648318286
2022-11-28,-0.02343298030282416
2022-11-29,-0.010243924167845909
2022-11-30,0.054356398824475016
2022-12-01,0.0029594663066560122
2022-12-02,-0.004616714256705873
2022-12-05,-0.01528437576077155
2022-12-06,-0.024739647431557966
2022-12-07,-0.0025907345882353475
2022-12-08,0.023807617980387736
2022-12-09,-0.007201926187359646
2022-12-12,0.022494527238836156
2022-12-13,0.015444967601378498
2022-12-14,-0.010793462359326503
2022-12-15,-0.036725287433574436
2022-12-16,-0.01669882839931884
2022-12-19,-0.015337057649547448
2022-12-20,-0.0010036830230385865
2022-12-21,0.018681106827700317
2022-12-22,-0.034327879480388006
2022-12-23,-0.000877527676074406
2022-12-27,-0.024848956468230633
2022-12-28,-0.015004322956613286
2022-12-29,0.02815685338013768
2022-12-30,-0.0010921164583015356
2023-01-03,-0.01600356489014409
2023-01-04,0.0007725863916089783
2023-01-05,-0.02139804201063865
2023-01-06,0.027829864659880355
2023-01-09,0.015915331101793516
2023-01-10,0.009210999053429696
2023-01-11,0.017254294000638114
2023-01-12,0.011491194049998474
2023-01-13,0.010045478161373236
2023-01-17,0.01449475630295902
2023-01-18,-0.0147246287398041
2023-01-19,-0.014826939528727556
2023-01-20,0.03367740840630205
2023-01-23,0.029522547056765037
2023-01-24,0.0026136697670615314
2023-01-25,-0.0018141459580020393
2023-01-26,0.020090824628023883
2023-01-27,0.011141646412277672
2023-01-30,-0.029000923961084127
2023-01-31,0.01593821364662549
2023-02-01,0.026918617543628186
2023-02-02,0.03314631755269396
2023-02-03,-0.00973427993008563
2023-02-06,-0.007719353173855564
2023-02-07,0.030835540124077195
2023-02-08,-0.007617389921701983
2023-02-09,-0.005360995931760833
2023-02-10,-0.01159311053192458
2023-02-13,0.0213411253281177
2023-02-14,0.012826768442480038
2023-02-15,-6.90745500416803e-06
2023-02-16,-0.021344830625236254
2023-02-17,-0.0135261205477692
2023-02-21,-0.02582195739440663
2023-02-22,0.0004232240961970627
2023-02-23,0.03817122504306096
2023-02-24,-0.016759184801506663
2023-02-27,0.006142207607904792
2023-02-28,-0.005580062781082108
2023-03-01,-0.013366617741901465
2023-03-02,0.014526889020240432
2023-03-03,0.022828544689196983
2023-03-06,0.002767015701123258
2023-03-07,-0.012970897813066408
2023-03-08,0.011457540810858844
2023-03-09,-0.017599258181308284
2023-03-10,-0.015926441944975986
2023-03-13,0.008252584500941657
2023-03-14,0.025935618109664438
2023-03-15,0.0052127303382483925
2023-03-16,0.03210672568759149
2023-03-17,0.0003936156175666692
2023-03-20,0.001402420169453424
2023-03-21,0.010518694627516069
2023-03-22,-0.005395150697853502
2023-03-23,0.014030967375195484
2023-03-24,0.0024924998694778144
2023-03-27,-0.008713040603642305
2023-03-28,-0.0037440536877690173
2023-03-29,0.01863283900508815
2023-03-30,0.01072468360421539
2023-03-31,0.01466412836484788
2023-04-03,0.003625659720324028
2023-04-04,-0.006867771812660224
2023-04-05,-0.011242668239357411
2023-04-06,0.010093439214256875
2023-04-10,-0.0007087888981490177
2023-04-11,-0.011314758169776428
2023-04-12,-0.0078091285652119365
2023-04-13,0.016918556550478664
2023-04-14,-0.0015810929274981387
2023-04-17,0.005508401111516396
2023-04-18,0.007742075723449238
2023-04-19,0.004137317948659083
2023-04-20,-0.012384187417118284
2023-04-21,-0.0024308553486080743
2023-04-24,-0.0034962392894468826
2023-04-25,-0.019585949527302242
2023-04-26,0.023127103071706383
2023-04-27,0.022301137456231662
2023-04-28,0.010744769316631578
2023-05-01,0.008474561018829064
2023-05-02,-0.010628779243487924
2023-05-03,-0.007814258427676385
2023-05-04,-0.005607129873807271
2023-05-05,0.030244035213256696
2023-05-08,0.0024233470992703456
2023-05-09,-0.009968350619401399
2023-05-10,0.010776716892139172
2023-05-11,-0.004601477277950812
2023-05-12,-0.004697181033217018
2023-05-15,0.0058816796752537434
2023-05-16,0.0023938854679098056
2023-05-17,0.014392207848575127
2023-05-18,0.021490602375074226
2023-05-19,-0.0036370592303796726
2023-05-22,0.00024331282362094692
2023-05-23,-0.015234516219425374
2023-05-24,-0.0037556933445673443
2023-05-25,0.06777925747594434
2023-05-26,0.018287540678444854
2023-05-30,0.008849836149886138
2023-05-31,-0.01820896793991196
2023-06-01,0.021983741120723578
2023-06-02,0.004090822800779805
2023-06-05,-0.0029709177698257626
2023-06-06,-0.004981032699332681
2023-06-07,-0.018369385214955965
2023-06-08,0.01360455483354562
2023-06-09,0.00384290271554879
2023-06-12,0.014527978882186121
2023-06-13,0.012386506478636749
2023-06-14,0.015194926338886885
2023-06-15,0.011705927424304386
2023-06-16,-0.00627255485623117
2023-06-20,0.002127168342841509
2023-06-21,-0.010442454359748773
2023-06-22,0.009449488531012623
2023-06-23,-0.010587813136256608
2023-06-26,-0.017275656158991546
2023-06-27,0.018503196350838004
2023-06-28,-0.0019150963792469574
2023-06-29,-0.0009642954438990288
2023-06-30,0.021609382020436683
2023-07-03,-0.0028903395820927243
2023-07-05,-0.002292312523486871
2023-07-06,-0.00031042758279198183
2023-07-07,-0.0027297704567253197
2023-07-10,-0.008032124619572593
2023-07-11,0.0026952900141341057
2023-07-12,0.016444759394185604
2023-07-13,0.018549762518432832
2023-07-14,-0.0008613906037696244
2023-07-17,0.010906114301828501
2023-07-18,0.01677013717956827
2023-07-19,-0.0029736429454013933
2023-07-20,-0.018457651036819026
2023-07-21,-0.010530504042509669
2023-07-24,0.004843496988638252
2023-07-25,0.011932867250564385
2023-07-26,-0.009664385323486634
2023-07-27,-0.0061348378259364
2023-07-28,0.016094293393639734
2023-07-31,-0.0006633216800599022
2023-08-01,-0.002665837222519719
2023-08-02,-0.02639304432022158
2023-08-03,-0.0018112929717741034
2023-08-04,-0.011655415635139827
2023-08-07,0.0036825601044352648
2023-08-08,-0.007038625777741444
2023-08-09,-0.01897040221705906
2023-08-10,-0.0006537229207923618
2023-08-11,-0.010761349643888845
2023-08-14,0.023195000119072766
2023-08-15,-0.00636656829651579
2023-08-16,-0.006288525564534797
2023-08-17,-0.009157223557378878
2023-08-18,0.00024783218035146805
2023-08-21,0.02810671241878494
2023-08-22,-0.005271363008948367
2023-08-23,0.019495876274985877
2023-08-24,-0.015302783672463547
2023-08-25,0.0010938247733451988
2023-08-28,0.008738312530861308
2023-08-29,0.022786106697516635
2023-08-30,0.008512206257908357
2023-08-31,-0.0003962405403917758
2023-09-01,-0.00106412511135061
2023-09-05,0.0031268225979782065
2023-09-06,-0.019057844665430753
2023-09-07,-0.014825073290912334
2023-09-08,0.0008865075890944363
2023-09-11,0.0038479790222791625
2023-09-12,-0.011993946398990828
2023-09-13,0.003925208587572936
2023-09-14,0.006815758566978115
2023-09-15,-0.019804118293123937
2023-09-18,0.0038353992638610473
2023-09-19,-0.0018392792828406108
2023-09-20,-0.020894042528940733
2023-09-21,-0.014706557574106972
2023-09-22,0.0022793366537557664
2023-09-25,0.006955193678982868
2023-09-26,-0.015755374895269958
2023-09-27,0.0016860996905697255
2023-09-28,0.006133976913782879
2023-09-29,0.004196775020202946
2023-10-02,0.015594096898031828
2023-10-03,-0.019103230322049566
2023-10-04,0.011031047150800471
2023-10-05,0.005658097227054786
2023-10-06,0.01865773676045683
2023-10-09,0.002961593234622902
2023-10-10,0.0022545262619618504
2023-10-11,0.011482327164727248
2023-10-12,-0.00047480551416756835
2023-10-13,-0.01446815671260677
2023-10-16,0.009614873552731367
2023-10-17,-0.014634904857096804
2023-10-18,-0.016795208662626397
2023-10-19,-0.0023958254440964986
2023-10-20,-0.014604209333059445
2023-10-23,0.011172578263068205
2023-10-24,0.007400249064148554
2023-10-25,-0.010482409741375685
2023-10-26,-0.02764842849828976
2023-10-27,0.003384679273133169
2023-10-30,0.015697474191034594
2023-10-31,0.0005362249402504125
2023-11-01,0.022407313875418465
2023-11-02,0.018366654775746928
2023-11-03,0.012635413968233904
2023-11-06,0.01093872782602253
2023-11-07,0.00819874068263481
2023-11-08,0.00683958269554689
2023-11-09,-0.002337885508988109
2023-11-10,0.023025952882825163
2023-11-13,-0.002954198303016538
2023-11-14,0.016056622469036823
2023-11-15,-0.0025075024637475616
2023-11-16,0.00992273272854018
2023-11-17,-0.004872753028182101
2023-11-20,0.01487599005820505
2023-11-21,-0.0068337167393326
2023-11-22,-0.0012004201180182347
2023-11-24,-0.006752505625324055
2023-11-27,0.002519400593562984
2023-11-28,0.0015444804530261838
2023-11-29,-0.002397641499547156
2023-11-30,-0.005431224974851179
2023-12-01,0.00021990764707272232
2023-12-04,-0.014104668868242728
2023-12-05,0.013197151926842702
2023-12-06,-0.010717450133997407
2023-12-07,0.011809757823060409
2023-12-08,0.009954911701504142
2023-12-11,-0.008916513616745095
2023-12-12,0.01063910233022037
2023-12-13,0.009806514523041685
2023-12-14,-0.0033518930760140014
2023-12-15,0.004940334983283951
2023-12-18,0.006556056656327601
2023-12-19,0.0008883609369543589
2023-12-20,-0.015596022570329427
2023-12-21,0.008655001299203897
2023-12-22,-0.0010115962757701908
2023-12-26,0.0026838115028482855
2023-12-27,0.0008862148138554562
2023-12-28,0.0019883759878381218
2023-12-29,-0.0015787656851544458
2024-01-02,-0.02090521857113377
2024-01-03,-0.007239468573993315
2024-01-04,-0.0035582624007092748
2024-01-05,0.004867453089579623
2024-01-08,0.029764298579273075
2024-01-09,0.003994991556487764
2024-01-10,0.013053317556135546
2024-01-11,0.0024565175928023698
2024-01-12,0.002589506135905067
2024-01-16,0.004663728474855413
2024-01-17,-0.004666356030167097
2024-01-18,0.01769205314247753
2024-01-19,0.02020353147155385
2024-01-22,0.0028763178295078307
2024-01-23,0.004804371596562006
2024-01-24,0.00782525243879709
2024-01-25,0.003398746213339101
2024-01-26,-0.005551277942467742
2024-01-29,0.010438160568233708
2024-01-30,-0.00450862006170066
2024-01-31,-0.020845061322858023
2024-02-01,0.01645426052245117
2024-02-02,0.017955921363459013
2024-02-05,0.009835830875512106
2024-02-06,-0.0012563925150230635
2024-02-07,0.014226000106029948
2024-02-08,-0.002934892660543096
2024-02-09,0.015109596748248123
2024-02-12,-0.005136855697283366
2024-02-13,-0.012158320746629018
2024-02-14,0.009528631961132052
2024-02-15,-0.004707589530699673
2024-02-16,-0.00506153261326285
2024-02-20,-0.014324719674724633
2024-02-21,-0.006339073384104895
2024-02-22,0.05170226426974803
2024-02-23,-0.002259153870898303
2024-02-26,-0.003628060742072793
2024-02-27,0.0012085610538144394
2024-02-28,-0.005164447236830719
2024-02-29,0.008197350557034574
2024-03-01,0.011758404681732709
2024-03-04,0.001785283097522591
2024-03-05,-0.015093944437045616
2024-03-06,0.007274585390115419
2024-03-07,0.017580772332461293
2024-03-08,-0.015018297529879189
2024-03-11,-0.0033836719010598643
2024-03-12,0.027213282884280623
2024-03-13,-0.006353380789955178
2024-03-14,1.2200275148982996e-05
2024-03-15,-0.007804755799727399
2024-03-18,0.005361951378002912
2024-03-19,0.009848163470538877
2024-03-20,0.010917305687659345
2024-03-21,-0.004258480103764244
2024-03-22,0.008166582418203425
2024-03-25,-0.004344443837997139
2024-03-26,-0.009359743853004553
2024-03-27,0.0008883335558387026
2024-03-28,-0.002829749486505553
2024-04-01,-0.0002614923992137971
2024-04-02,-0.007733568140481287
2024-04-03,-0.0004845020646458094
2024-04-04,-0.01457670950011819
2024-04-05,0.014296935763699288
2024-04-08,-0.0045766944046355465
2024-04-09,-0.0020708479501419523
2024-04-10,-0.0022065037422649763
2024-04-11,0.025281673077779024
2024-04-12,-0.011670781260697077
2024-04-15,-0.01989376481775447
2024-04-16,-0.0006502301290410078
2024-04-17,-0.015045242942532865
2024-04-18,-0.004700802872539439
2024-04-19,-0.034821659995178805
2024-04-22,0.015366498693924511
2024-04-23,0.017600169562177977
2024-04-24,-0.004521657360937476
2024-04-25,0.003235934905894476
2024-04-26,0.020988423149443273
2024-04-29,0.004555944271958799
2024-04-30,-0.020653782101456943
2024-05-01,-0.008671952642752945
2024-05-02,0.01782537234047519
2024-05-03,0.0315969617628651
2024-05-06,0.013737141292588843
2024-05-07,-0.005669527874316337
2024-05-08,0.0008292604916685857
2024-05-09,0.0003622094643083644
2024-05-10,0.00322226947177808
2024-05-13,0.0052357137998974845
2024-05-14,0.007026088065049827
2024-05-15,0.01924859670527325
2024-05-16,-0.0023118907771705424
2024-05-17,-0.00509627439130946
2024-05-20,0.011001460327744947
2024-05-21,0.006079520905480581
2024-05-22,-0.0028970626420350364
2024-05-23,0.013070573043138986
2024-05-24,0.01395433478410203
2024-05-28,0.017149734151718696
2024-05-29,-1.147883592930157e-05
2024-05-30,-0.018544555981840884
2024-05-31,0.0018261446010728482
2024-06-03,0.01348474430650059
2024-06-04,0.005332770965459576
2024-06-05,0.02219500114927153
2024-06-06,-0.004446473849297357
2024-06-07,0.0021527097339269
2024-06-10,0.00015620859663203774
2024-06-11,0.019136545533087117
2024-06-12,0.022601418318767885
2024-06-13,0.010820831488645257
2024-06-14,0.0030021185071439156
2024-06-17,0.008394956246337248
2024-06-18,0.005367928649313595
2024-06-20,-0.015487075299607472
2024-06-21,-0.008862278496600283
2024-06-24,-0.018502378286781352
2024-06-25,0.020245317387946667
2024-06-26,0.006544633949127651
2024-06-27,-0.003043129822113506
2024-06-28,-0.009270156662009244
2024-07-01,0.014630883206390742
2024-07-02,0.003795998145857719
2024-07-03,0.014550903756452634
2024-07-05,0.00562126690466964
2024-07-08,0.005875832535080342
2024-07-09,0.0036919604634480757
2024-07-10,0.017371322122387928
2024-07-11,-0.02862869320611077
2024-07-12,0.007765322814590695
2024-07-15,0.003511289146048831
2024-07-16,-0.004613183690250065
2024-07-17,-0.030428571083292444
2024-07-18,-0.002414190285695366
2024-07-19,-0.009989040408570191
2024-07-22,0.017104710834331103
2024-07-23,-7.729958605503118e-05
2024-07-24,-0.03976723046674473
2024-07-25,-0.01305476942997469
2024-07-26,0.009126318184797253
2024-07-29,-0.0019471804319229269
2024-07-30,-0.02113127050185105
2024-07-31,0.03517314282790489
2024-08-01,-0.02579892698588844
2024-08-02,-0.012688553565683894
2024-08-05,-0.04445316696138764
2024-08-06,0.011934169896984561
2024-08-07,-0.01245608056474689
2024-08-08,0.027362551379974488
2024-08-09,0.006044891170691659
2024-08-12,0.012382152050714877
2024-08-13,0.02854186562159626
2024-08-14,0.007152022915887967
2024-08-15,0.020468093318739267
2024-08-16,0.0039860342297870395
2024-08-19,0.014669966733612982
2024-08-20,-0.0031348785998946797
2024-08-21,0.0027913237581552483
2024-08-22,-0.018595138646708836
2024-08-23,0.017069541062069007
2024-08-26,-0.00789708475301293
2024-08-27,0.005099549115174429
2024-08-28,-0.01041200469553585
2024-08-29,-0.011326188246422734
2024-08-30,0.007691112827828777
2024-09-03,-0.04177598912746645
2024-09-04,-0.007184424399645309
2024-09-05,0.003148015436763774
2024-09-06,-0.020560640897050647
2024-09-09,0.01407135477367901
2024-09-10,0.0091492419433661
2024-09-11,0.03029774058305402
2024-09-12,0.00929490120296874
2024-09-13,0.0030082199692147466
2024-09-16,-0.011155970104147208
2024-09-17,0.000282645522072219
2024-09-18,-0.0036391251823153807
2024-09-19,0.02759171310068602
2024-09-20,-0.00712009379497039
2024-09-23,-0.0017316929956368117
2024-09-24,0.008912012423751146
2024-09-25,0.005454447417579894
2024-09-26,0.0028632483888688144
2024-09-27,-0.007358955122448943
2024-09-30,0.00806392416612277
2024-10-01,-0.024601572405877188
2024-10-02,0.0025321395484224924
2024-10-03,0.006237506943747858
2024-10-04,0.0073993926539521904
2024-10-07,-0.0063745440578087745
2024-10-08,0.01996899319825671
2024-10-09,0.0070662140849731166
2024-10-10,0.002082939212643733
2024-10-11,0.00013084617224786636
2024-10-14,0.01380252240545364
2024-10-15,-0.01144609163546896
2024-10-16,0.004999003260660464
2024-10-17,0.0029994614588679525
2024-10-18,0.006818558665963748
2024-10-21,0.011665029028114341
2024-10-22,0.004160004453154829
2024-10-23,-0.01658431922910187
2024-10-24,0.0019287557852302973
2024-10-25,0.004831641673375745
2024-10-28,0.00019167326698142032
2024-10-29,0.005110308232348877
2024-10-30,-0.007674607202273662
2024-10-31,-0.03724645357097065
2024-11-01,0.005094447457425592
2024-11-04,-0.0015195492241127813
2024-11-05,0.013444832761953813
2024-11-06,0.020548271330458227
2024-11-07,0.01586884875328605
2024-11-08,-0.003028601684734602
2024-11-11,-0.009527985017334832
2024-11-12,0.007367783590088315
2024-11-13,-0.0010379743318998191
2024-11-14,0.003634152461316737
2024-11-15,-0.02211539251163244
2024-11-18,0.001569679526761791
2024-11-19,0.014361710880676379
2024-11-20,-0.0024200661018609643
2024-11-21,0.0010654083039718276
2024-11-22,-0.003443012007513084
2024-11-25,-0.00550916588026071
2024-11-26,0.010723378638491871
2024-11-27,-0.006736476507139084
2024-11-29,0.009685252540485413
2024-12-02,0.007903900697315978
2024-12-03,0.006338614715563893
2024-12-04,0.014048892382407498
2024-12-05,0.002452939356282589
2024-12-06,-0.0037529790362384285
2024-12-09,-0.0023742449639038007
2024-12-10,-0.008087697935556228
2024-12-11,0.011529037694730744
2024-12-12,-0.0030482999644484607
2024-12-13,-0.006844026833269705
2024-12-16,0.0021577150533260785
2024-12-17,-9.81530461435379e-05
2024-12-18,-0.025402772687863822
2024-12-19,0.004874096906592705
2024-12-20,0.014973677986747716
2024-12-23,0.010541562943989492
2024-12-24,0.008931645322220329
2024-12-26,-0.0004034447668220866
2024-12-27,-0.015613597374160931
2024-12-30,-0.00866502267823043
2024-12-31,-0.010536550690140548
2025-01-02,-0.0016255378835601563
2025-01-03,0.0163300115188807
2025-01-06,0.014197467892179091
2025-01-07,-0.024974655708460358
2025-01-08,0.002109653885912068
2025-01-10,-0.020880227893610673
2025-01-13,-0.008243644877636742
2025-01-14,-0.004539921840755966
2025-01-15,0.024055624645239047
2025-01-16,-0.016755649507043387
2025-01-17,0.014611921487115636
2025-01-21,-0.000539300337753281
2025-01-22,0.023692117727588325
2025-01-23,0.0017112495071670035
2025-01-24,-0.011140089075027554
2025-01-27,-0.047633018185098706
2025-01-28,0.039654187180485294
2025-01-29,-0.01317802142493125
2025-01-30,-0.014555185274190445
2025-01-31,-0.012329225706217362
2025-02-03,-0.02000760639446631
2025-02-04,0.011978160069169318
2025-02-05,0.013907821110095048
2025-02-06,0.010792324248592887
2025-02-07,-0.009796848156051688
2025-02-10,0.010571970644512027
2025-02-11,0.0036704514754320374
2025-02-12,-0.0008876822131235456
2025-02-13,0.016200015265819025
2025-02-14,0.008350540068926233
2025-02-18,0.0023278466982643168
2025-02-19,0.0038030099850903483
2025-02-20,0.002830301295540195
2025-02-21,-0.01974799725448554
2025-02-24,-0.009998159803511243
2025-02-25,-0.012214850950029736
2025-02-26,0.0034360081154814906
2025-02-27,-0.03391780107639823
2025-02-28,0.021166720784542452
2025-03-03,-0.03653686389905937
2025-03-04,-0.0009202359712183372
2025-03-05,0.013137729736461202
2025-03-06,-0.022272362613950502
2025-03-07,0.007821881105540971
2025-03-10,-0.04067386283813694
2025-03-11,-0.005176807076317388
2025-03-12,0.014334765061071834
2025-03-13,-0.015209242171450518
2025-03-14,0.02883020340730305
2025-03-17,-0.0018292374523814154
2025-03-18,-0.016331718460567395
2025-03-19,0.01296095791437849
2025-03-20,-0.0005447503633959658
2025-03-21,0.005988374752628407
2025-03-24,0.01615810970358247
2025-03-25,0.0038299415366288836
2025-03-26,-0.023584140583406556
2025-03-27,-0.0028431189528866493
2025-03-28,-0.023457274769350923
2025-03-31,0.0012604699247018491
2025-04-01,0.010433248162587404
2025-04-02,0.0029393165572617745
2025-04-03,-0.06318623320219072
2025-04-04,-0.06216085502333706
2025-04-07,-0.0025066105236489235
2025-04-08,-0.022492961937056927
2025-04-09,0.12765644050778088
2025-04-10,-0.04318971435264603
2025-04-11,0.02667056476133519
2025-04-14,0.006958719045861548
2025-04-15,0.000827010121178078
2025-04-16,-0.04266867788248058
2025-04-17,-0.00605303306607431
2025-04-21,-0.028419909090199945
2025-04-22,0.02515570082203346
2025-04-23,0.024436224351095076
2025-04-24,0.027142126036250235
2025-04-25,0.016342373518628477
2025-04-28,-0.004508190669500075
2025-04-29,0.005339473318386883
2025-04-30,0.0021648507717541574
2025-05-01,0.02719912600089744
2025-05-02,0.006295347848394008
2025-05-05,-0.01040725005312554
2025-05-06,-0.004836847725579943
2025-05-07,0.0058425449022345005
2025-05-08,0.006737118141689794
2025-05-09,-0.00022478872687044032
2025-05-12,0.042617447275196715
2025-05-13,0.017806903279967326
2025-05-14,0.01191866908506716
2025-05-15,-0.00020060818120009043
2025-05-16,0.0030365731119816252
2025-05-19,0.0001536719460984012
2025-05-20,-0.005737412335511765
2025-05-21,-0.01800187508580167
2025-05-22,0.002401892404742607
2025-05-23,-0.014890964059359748
2025-05-27,0.025050458456887262
2025-05-28,-0.004278392051674083
2025-05-29,0.009111822321418108
2025-05-30,-0.00564368105881771
2025-06-02,0.007461228184703747
2025-06-03,0.010792598289398877
2025-06-04,0.0011005082527911414
2025-06-05,-0.005303378895579421
2025-06-06,0.01113016115948695
2025-06-09,3.5234549106895026e-05
2025-06-10,0.0042736458890238116
2025-06-11,-0.006610989182848303
2025-06-12,0.008573290653803429
2025-06-13,-0.013615286064275523
2025-06-16,0.011796874593119
2025-06-17,-0.007234361860654686
2025-06-18,0.004656611488476227
2025-06-20,0.000671363305306373
2025-06-23,0.00809736693677231
2025-06-24,0.00974444623563228
2025-06-25,0.013413978256617342
2025-06-26,0.005017342972874556
2025-06-27,0.004942826072292362
2025-06-30,0.007346464185376115
2025-07-01,-0.007114856215772954
2025-07-02,0.012499348133489211
2025-07-03,0.010480841444576276
2025-07-07,-0.008414212601188915
2025-07-08,0.0021465960400195777
2025-07-09,0.010740860305613794
2025-07-10,0.0030588941516861683
2025-07-11,-0.00019420547091319833
2025-07-14,-0.003989742221232791
2025-07-15,0.010807233330862785
2025-07-16,0.0029670759560540944
2025-07-17,0.006713598963508167
2025-07-18,-0.0004676458374383444
2025-07-21,0.0005147409871000354
2025-07-22,-0.006501647317364124
2025-07-23,0.007673551329622896
2025-07-24,0.006386728609168592
2025-07-25,0.0022296819072579964
2025-07-28,0.004185961475874724
2025-07-29,-0.005654388793193791
2025-07-30,0.0026699248018162086
2025-07-31,0.005003063831749711
2025-08-01,-0.020803330267366825
2025-08-04,0.019284942293236827
2025-08-05,-0.00793828212968817
2025-08-06,0.014607875301896611
2025-08-07,0.0075289826405812565
2025-08-08,0.015543420609261487
2025-08-11,-0.0035945585682881764
2025-08-12,0.010410597714423068
2025-08-13,-0.001448060581431562
2025-08-14,0.0009352724639714735
2025-08-15,-0.005140782585300364
2025-08-18,-0.00013906420513458938
2025-08-19,-0.014193000627956023
2025-08-20,-0.00798408894752502
2025-08-21,-0.003157213243056761
2025-08-22,0.01271115503680085
2025-08-25,-0.0006869482163361935
2025-08-26,0.005006920794593651
2025-08-27,0.003947780899902123
2025-08-28,0.0025692093610342605
2025-08-29,-0.01185151173922501
2025-09-02,-0.010183405769866882
2025-09-03,0.010576290912670032
2025-09-04,0.006262274482931365
2025-09-05,-0.014135688273986365
2025-09-08,0.002252835767275802
2025-09-09,0.000557853061961416
2025-09-10,0.002943388575592711
2025-09-11,0.005723306979651184
2025-09-12,0.009581584106196056
2025-09-15,0.006685086059403311
2025-09-16,-0.0059718891856963404
2025-09-17,-0.0055990145853142565
2025-09-18,0.007816742855557295
2025-09-19,0.01434530469295854
2025-09-22,0.01967538618982757
2025-09-23,-0.012684667582374028
2025-09-24,-0.0044912878693261285
2025-09-25,0.0028032902791631387
2025-09-26,0.002929408166410227
2025-09-29,0.0063046501003978595
2025-09-30,0.009178091743489634
2025-10-01,0.0033850917080040822
2025-10-02,0.0022028991320769704
2025-10-03,-4.725814637594663e-05
2025-10-06,0.00217985286940233
2025-10-07,-0.003988250389112141
2025-10-08,0.008875685454627899
2025-10-09,-0.0012874312914730895
2025-10-10,-0.03369343744967729
2025-10-13,0.014684120464272822
2025-10-14,-0.011682920831002403
2025-10-15,0.0023405136037704987
2025-10-16,-0.001760802406956095
2025-10-17,0.009149896909210238
2025-10-20,0.013021922568850715
2025-10-21,-0.0011125841631844558
2025-10-22,-0.005277626490239901
2025-10-23,0.005171907199533439
2025-10-24,0.012161010391039038
2025-10-27,0.0192374528388348
2025-10-28,0.017907978717996098
2025-10-29,0.007894280177601614
2025-10-30,-0.013653544751335792
2025-10-31,-0.0044343372442411915
2025-11-03,0.004230431231161644
2025-11-04,-0.013470099655687323
2025-11-05,-0.006969681386866881
2025-11-06,-0.017350472140961682
2025-11-07,-0.0010094465790400715
2025-11-10,0.02366192359541225
2025-11-11,-0.00027426874615079245
2025-11-12,0.0005501976302488713
2025-11-13,-0.017645156387374693
2025-11-14,0.007252924695551735
2025-11-17,-0.012984019115823989
2025-11-18,-0.016089396010426974
2025-11-19,0.005622331907171853
2025-11-20,-0.018040332803965158
2025-11-21,0.0015834469959432832
2025-11-24,0.013770047327408573
2025-11-25,-0.0017009909328751655
2025-11-26,0.01007095070799681
2025-11-28,0.001296450485829245
2025-12-01,0.004035990601246263
2025-12-02,0.0069761092480681176
2025-12-03,-0.00985382674791854
2025-12-04,0.003985903963801702
2025-12-05,-0.0013640542570871176
2025-12-08,0.00674953758841962
2025-12-09,-0.001129506403450713
2025-12-10,-0.005456463943479076
2025-12-11,-0.0014478042533635242
2025-12-12,-0.013347907505469228
2025-12-15,-0.004290863288390246
2025-12-16,0.0026166083094575627
2025-12-17,-0.015166596865258038
2025-12-18,0.010932557070150364
2025-12-19,0.014257007395261936
2025-12-22,0.0022608052121316
2025-12-23,0.01081419651547621
2025-12-24,0.0020113197762472016
2025-12-26,0.001973240174697624
2025-12-29,-0.003925930078362906
2025-12-30,-0.001637130285479375
2025-12-31,-0.006356213224022129
